name	rating	rating_count	price
Acer R240HY bidx 23.8-Inch IPS HDMI DVI VGA (1920 x 1080) Widescreen Monitor, Black	4.7	12,355	129.99
Seagate Portable 2TB External Hard Drive Portable HDD – USB 3.0 for PC, Mac, PS4, & Xbox - 1-Year Rescue Service (STGX2000400)	4.7	142,612	62.99
Roku Streaming Stick+ | HD/4K/HDR Streaming Device with Long-range Wireless and Voice Remote with TV Controls	4.7	89,823	39.00
Logitech MK270 Wireless Keyboard and Mouse Combo - Keyboard and Mouse Included, Long Battery Life		48,731	
Roku Express | HD Streaming Media Player with High Speed HDMI Cable and Simple Remote	4.8	119,610	24.99
SAMSUNG: EVO Select 128GB MicroSDXC UHS-I U3 100MB/s Full HD & 4K UHD Memory Card with Adapter (MB-ME128HA)	4.8	167,605	24.66
HP 65 | Ink Cartridge | Black | Works with HP DeskJet 2600 Series, 3700 Series, HP ENVY 5000 Series, HP AMP 100, 120, 125, 130 | N9K02AN	4.8	60,414	
Roku Express 4K+ 2021 | Streaming Media Player HD/4K/HDR with Smooth Wireless Streaming and Roku Voice Remote with TV Controls, Includes Premium HDMI Cable	4.8	1,936	29.00
HP M27ha FHD Monitor - Full HD Monitor (1920 x 1080p) - IPS Panel and Built-in Audio - VESA Compatible 27-inch Monitor Designed for Comfortable Viewing with Height and Pivot Adjustment - (22H94AA#ABA)	4.8	1,424	
WD 2TB Elements Portable External Hard Drive HDD, USB 3.0, Compatible with PC, Mac, PS4 & Xbox - WDBU6Y0020BBK-WESN		85,059	59.27
SanDisk 128GB Extreme microSDXC UHS-I Memory Card with Adapter - Up to 160MB/s, C10, U3, V30, 4K, A2, Micro SD - SDSQXA1-128G-GN6MA	4.8	229,917	22.49
Logitech H390 Wired Headset, Stereo Headphones with Noise-Cancelling Microphone, USB, In-Line Controls, PC/Mac/Laptop - Black	4.5	27,202	
TP-Link AC750 WiFi Extender (RE220), Covers Up to 1200 Sq.ft and 20 Devices, Up to 750Mbps Dual Band WiFi Range Extender, WiFi Booster to Extend Range of WiFi Internet Connection		72,787	19.99
SAMSUNG (MZ-V8V1T0B/AM) 980 SSD 1TB - M.2 NVMe Interface Internal Solid State Drive with V-NAND Technology	4.8	1,564	119.99
"Lenovo Flex 5 14"" 2-in-1 Laptop, 14.0"" FHD (1920 x 1080) Touch Display, AMD Ryzen 5 4500U Processor, 16GB DDR4, 256GB SSD, AMD Radeon Graphics, Digital Pen Included, Win 10, 81X20005US, Graphite Grey"	4.5	4,858	595.38
"Acer Aspire 5 A515-46-R14K Slim Laptop | 15.6"" Full HD IPS | AMD Ryzen 3 3350U Quad-Core Mobile Processor | 4GB DDR4 | 128GB NVMe SSD | WiFi 6 | Backlit KB | Amazon Alexa | Windows 10 Home (S mode)"		32,794	374.26
TP-Link AC1750 Smart WiFi Router (Archer A7) -Dual Band Gigabit Wireless Internet Router for Home, Works with Alexa, VPN Server, Parental Control, QoS	4.5	52,599	57.99
Logitech C920x HD Pro Webcam, Full HD 1080p/30fps Video Calling, Clear Stereo Audio, HD Light Correction, Works with Skype, Zoom, FaceTime, Hangouts, PC/Mac/Laptop/Macbook/Tablet - Black	4.7	5,058	
USB Wall Charger, Surge Protector, POWRUI 6-Outlet Extender with 2 USB Charging Ports (2.4A Total) and Night Light, 3-Sided Power Strip with Adapter Spaced Outlets - White，ETL Listed		36,151	
BENGOO G9000 Stereo Gaming Headset for PS4 PC Xbox One PS5 Controller, Noise Cancelling Over Ear Headphones with Mic, LED Light, Bass Surround, Soft Memory Earmuffs for Laptop Mac Nintendo NES Games	4.4	69,264	
Dell 27 LED Backlit LCD Monitor SE2719H IPS Full HD 1080p, 1920x1080 at 60 Hz HDMI VGA, Black	4.7	7,451	
HP 24mh FHD Monitor - Computer Monitor with 23.8-Inch IPS Display (1080p) - Built-In Speakers and VESA Mounting - Height/Tilt Adjustment for Ergonomic Viewing - HDMI and DisplayPort - (1D0J9AA#ABA)		17,520	
USB Type C Cable 5Pack (3/3/6/6/10FT) Nylon Braided USB C Cable Fast Charger Charging Cord Compatible Samsung Galaxy S9 S8 Note 9 Note 8 Plus,LG V30 G6 G5 V20,Google Pixel, Moto Z2(Blue)	4.6	21,957	
Lenovo USA Lenovo ThinkPad USB-C Dock Gen 2 (40AS0090US)	4.6	1,066	178.94
Logitech G502 HERO High Performance Wired Gaming Mouse, HERO 25K Sensor, 25,600 DPI, RGB, Adjustable Weights, 11 Programmable Buttons, On-Board Memory, PC / Mac	4.7	21,100	
HP 952XL | Ink Cartridge | Black | Works with HP OfficeJet Pro 7700 Series, 8200 Series, 8700 Series | F6U19AN	4.8	9,465	
iPhone Charger Cable (3 Pack 10 Foot), [MFi Certified] 10 Feet Nylon Braided Lightning Cable, iPhone Charging Cord USB Cable Compatible with iPhone 11/Pro/X/Xs Max/XR/8 Plus /7 Plus/6/ iPad	4.6	19,028	
Power Strip, ALESTOR Surge Protector with 12 Outlets and 4 USB Ports, 6 Feet Extension Cord (1875W/15A), 2700 Joules, ETL Listed, Black		2,532	
HP Chromebook 14 Laptop, Intel Celeron N4000 Processor, 4 GB RAM, 32 GB eMMC, 14” HD Display, Chrome, Lightweight Computer with Webcam and Dual Mics, Home, School, Music, Movies (14a-na0021nr, 2021)	4.4	494	237.00
HP 952 | 3 Ink Cartridges | Cyan, Magenta, Yellow | Works with HP OfficeJet Pro 7700 Series, 8200 Series, 8700 Series | L0S49AN, L0S52AN, L0S55AN	4.8	8,465	
Roku Ultra 2020 | Streaming Device HD/4K/HDR/Dolby Vision with Dolby Atmos, Bluetooth Streaming, and Roku Voice Remote with Headphone Jack and Personal Shortcuts, includes Premium HDMI Cable		12,940	89.81
HP 910XL | Ink Cartridge | Black | Works with HP OfficeJet 8000 Series | 3YL65AN	4.7	7,500	
SanDisk 128GB Ultra MicroSDXC UHS-I Memory Card with Adapter - 120MB/s, C10, U1, Full HD, A1, Micro SD Card - SDSQUA4-128G-GN6MA	4.8	78,707	19.25
Brother Genuine Cartridge TN760 High Yield Black Toner		9,222	76.99
Seagate BarraCuda 2TB Internal Hard Drive HDD – 3.5 Inch SATA 6Gb/s 7200 RPM 256MB Cache 3.5-Inch – Frustration Free Packaging (ST2000DM008/ST2000DMZ08)		67,130	52.99
SanDisk 128GB Extreme PRO SDXC UHS-I Card - C10, U3, V30, 4K UHD, SD Card - SDSDXXY-128G-GN4IN	4.8	105,881	33.49
SanDisk 128GB microSDXC Card, Licensed for Nintendo Switch - SDSQXAO-128G-GNCZN		143,841	26.99
AMD Ryzen 9 5900X 12-core, 24-Thread Unlocked Desktop Processor	4.8	1,077	569.99
"SAMSUNG 870 QVO SATA III 2.5"" SSD 1TB (MZ-77Q1T0B)"	4.8	8,635	99.99
SAMSUNG (MZ-V7S1T0B/AM) 970 EVO Plus SSD 1TB - M.2 NVMe Interface Internal Solid State Drive with V-NAND Technology		26,531	149.90
AMD Ryzen 7 5800X 8-core, 16-Thread Unlocked Desktop Processor	4.8	3,440	397.99
TP-Link TL-SG105 | 5 Port Gigabit Unmanaged Ethernet Network Switch, Ethernet Splitter | Plug & Play | Fanless Metal Design | Shielded Ports | Traffic Optimization | Limited Lifetime Protection	4.8	63,736	15.99
YEFOOT iPhone Charger [MFi Certified] 6Pack[3/3/6/6/6/10ft] Cable Compatible iPhone 12Pro Max/12Pro/12/11Pro Max/11Pro/11/XS and More-Silver&White		17,350	
Logitech BRIO Ultra HD Webcam for Video Conferencing, Recording, and Streaming - Black	4.6	7,059	
Acer SB220Q bi 21.5 Inches Full HD (1920 x 1080) IPS Ultra-Thin Zero Frame Monitor (HDMI & VGA Port), Black	4.7	35,007	
AMD Ryzen 7 3700X 8-Core, 16-Thread Unlocked Desktop Processor with Wraith Prism LED Cooler		21,589	269.99
NETGEAR Wi-Fi Range Extender EX6120 - Coverage Up to 1500 Sq Ft and 25 Devices with AC1200 Dual Band Wireless Signal Booster & Repeater (Up to 1200Mbps Speed), and Compact Wall Plug Design	3.9	84,987	39.79
5 Pack (Apple MFi Certified) iPhone Charger 10 ft,Long Lightning Cable 10 Foot,High Fast 10 Feet Apple Charging Cables Cord Connector for iPhone 12 Mini 12 Pro Max 11 Pro MAX XS Xr X 6 AirPods	4.5	5,405	
VIVO Dual LCD LED 13 to 27 inch Monitor Desk Mount Stand, Heavy Duty Fully Adjustable, Fits 2 Screens, STAND-V002	4.6	32,291	39.99
Stylus Pen for iPad with Palm Rejection, Active Pencil Compatible with (2018-2020) Apple iPad Pro (11/12.9 Inch),iPad Air 3rd/4th Gen,iPad 6/7/8th Gen,iPad Mini 5th Gen for Precise Writing/Drawing	4.6	59,581	
SAMSUNG T5 Portable SSD 1TB - Up to 540MB/s - USB 3.1 External Solid State Drive, Black (MU-PA1T0B/AM)	4.8	11,522	139.99
HP 64XL | Ink Cartridge | Tri-Color | Works with HP ENVY Photo 6200 Series, 7100 Series, 7800 Series, HP Tango and HP Tango X | N9J91AN		9,373	
SanDisk 128GB Cruzer USB 2.0 Flash Drive - SDCZ36-128G-B35, Black/Red	4.7	40,345	16.99
ASUS TUF Dash 15 (2021) Ultra Slim Gaming Laptop, 15.6” 144Hz FHD, GeForce RTX 3050 Ti, Intel Core i7-11370H, 8GB DDR4, 512GB PCIe NVMe SSD, Wi-Fi 6, Windows 10, Eclipse Grey Color, TUF516PE-AB73	4.4	133	949.99
Webcam HD 1080p Web Camera, USB PC Computer Webcam with Microphone, Laptop Desktop Full HD Camera Video Webcam 110 Degree Widescreen, Pro Streaming Webcam for Recording, Calling, Conferencing, Gaming		13,442	
AMD Ryzen 5 5600X 6-core, 12-Thread Unlocked Desktop Processor with Wraith Stealth Cooler	4.8	3,852	289.99
MSI Gaming GeForce GTX 1660 Ti 192-bit HDMI/DP 6GB GDRR6 HDCP Support DirectX 12 Dual Fan VR Ready OC Graphics Card (GTX 1660 TI VENTUS XS 6G OC)	4.8	1,583	
Canon PG-245 XL Black Ink Cartridge Compatible to iP2820, MG2420, MG2924, MG2920, MX492, MG3020, MG2525, TS3120, TS302, TS202, TR4520		13,951	25.00
SAMSUNG 870 EVO 1TB 2.5 Inch SATA III Internal SSD (MZ-77E1T0B/AM)	4.9	7,445	169.99
1080P Web Camera, HD Webcam with Microphone, Software Control & Privacy Cover, NexiGo N60 USB Computer Camera, 110-degree FOV, Plug and Play, for Zoom/Skype/Teams, Conferencing and Video Calling		14,419	
"Sceptre 20"" 1600x900 75Hz Ultra Thin LED Monitor 2x HDMI VGA Built-in Speakers, Machine Black Wide Viewing Angle 170° (Horizontal) / 160° (Vertical)"		18,018	104.97
External DVD Drive, USB 3.0 Portable CD/DVD +/-RW Drive/DVD Player for Laptop CD ROM Burner Compatible with Laptop Desktop PC Windows Linux OS Apple Mac Black	4.4	19,505	22.99
NETGEAR Nighthawk Smart Wi-Fi Router, R6700 - AC1750 Wireless Speed Up to 1750 Mbps | Up to 1500 Sq Ft Coverage & 25 Devices | 4 x 1G Ethernet and 1 x 3.0 USB Ports | Armor Security	4.3	42,660	87.00
GAIATOP Personal Neck Fan,Rechargeable Hands Free Bladeless Portable Mini Fans,3 Speeds 48 Air Outlet,Free Adjustment Personal Cooling Fan,Wearable Neck Fan Suitable for Traveling,Sports, Office		1,344	
Apple Lightning to USB-C Cable (1 m)	4.7	21,772	
Sabrent 4-Port USB 2.0 Hub with Individual LED lit Power Switches (HB-UMLS)	4.6	75,739	
"Acer Swift 3 Thin & Light Laptop, 14"" Full HD IPS, AMD Ryzen 7 4700U Octa-Core with Radeon Graphics, 8GB LPDDR4, 512GB NVMe SSD, Wi-Fi 6, Backlit KB, Fingerprint Reader, Alexa Built-in"		2,571	619.95
LG 27GL83A-B 27 Inch Ultragear QHD IPS 1ms NVIDIA G-SYNC Compatible Gaming Monitor, Black	4.7	10,591	366.05
Blue Yeti USB Mic for Recording & Streaming on PC and Mac, 3 Condenser Capsules, 4 Pickup Patterns, Headphone Output and Volume Control, Mic Gain Control, Adjustable Stand, Plug & Play – Blackout	4.7	16,536	
Corsair Vengeance LPX 16GB (2x8GB) DDR4 DRAM 3200MHz C16 Desktop Memory Kit - Black (CMK16GX4M2B3200C16)		64,186	90.99
HP VH240a 23.8-Inch Full HD 1080p IPS LED Monitor with Built-In Speakers and VESA Mounting, Rotating Portrait & Landscape, Tilt, and HDMI & VGA Ports (1KL30AA) - Black	4.7	23,582	
Belkin Power Strip Surge Protector - 12 AC Multiple Outlets & 8 ft Long Flat Plug Heavy Duty Extension Cord for Home, Office, Travel, Computer Desktop, Laptop & Phone Charging Brick (3,940 Joules)	4.8	59,819	24.99
iPhone Charger [Apple MFi Certified] YEFOOT 5Pack(3/3/6/6/10FT) Compatible iPhone 12Pro Max/12Pro/12/11/Pro/Xs Max/X/8 and More-Silver&White	4.5	8,141	
"Lenovo Chromebook Flex 5 13"" Laptop, FHD (1920 x 1080) Touch Display, Intel Core i3-10110U Processor, 4GB DDR4 Onboard RAM, 64GB eMMC, Intel Integrated Graphics, Chrome OS, 82B80006UX, Graphite Grey"	4.5	2,568	343.00
Soundance Laptop Stand, Aluminum Computer Riser, Ergonomic Laptops Elevator for Desk, Metal Holder Compatible with 10 to 15.6 Inches Notebook Computer, Silver		27,677	
"Acer Nitro 5 Gaming Laptop, 9th Gen Intel Core i5-9300H, NVIDIA GeForce GTX 1650, 15.6"" Full HD IPS Display, 8GB DDR4, 256GB NVMe SSD, Wi-Fi 6, Backlit Keyboard, Alexa Built-in, AN515-54-5812"		3,681	
Logitech MX Keys Advanced Wireless Illuminated Keyboard, Tactile Responsive Typing, Backlighting, Bluetooth, USB-C, Apple macOS, Microsoft Windows, Linux, iOS, Android, Metal Build - Graphite	4.8	8,256	
HP 65 | Ink Cartridge | Tri-color | Works with HP DeskJet 2600 Series, 3700 Series, HP ENVY 5000 Series, HP AMP 100, 120, 125, 130 | N9K01AN	4.8	33,340	
GE 6-Outlet Surge Protector, 10 Ft Extension Cord, Power Strip, 800 Joules, Flat Plug, Twist-to-Close Safety Covers, UL Listed, White, 14092	4.8	47,552	13.13
TP-Link Deco Mesh WiFi System(Deco M5) –Up to 5,500 sq. ft. Whole Home Coverage and 100+ Devices,WiFi Router/Extender Replacement, Anitivirus, 3-pack	4.6	16,305	149.99
iPhone Charger 10 ft,3-Pack Extra Long Lightning Cable, MFi-Certified iPhone Charger Cable 10 Foot Charging Cord for iPhone 12 11 Pro X XS Max XR/8 Plus/7 Plus/6/6s Plus/5s /5c/iPad Mini Air(Gold)	4.6	29,834	
USB Wall Charger, Surge Protector, QINLIANF 5 Outlet Extender with 4 USB Charging Ports ( 4.8A Total) 3-Sided 1680J Power Strip Multi Plug Outlets Wall Adapter Spaced for Home Travel Office (3U1C)		2,465	
Dell USB 3.0 Ultra HD/4K Triple Display Docking Station (D3100), Black		5,727	
HP 58A | CF258A | Toner Cartridge | Black | Works with HP LaserJet Pro M404 series, M428 series	4.7	1,156	
Epson EcoTank ET-2760 Wireless Color All-in-One Cartridge-Free Supertank Printer with Scanner and Copier	4.4	7,271	
HP 63XL | Ink Cartridge |Tri-color | Works with HP DeskJet 1112, 2100 Series, 3600 Series, HP ENVY 4500 Series, HP OfficeJet 3800 Series, 4600 Series, 5200 Series | F6U63AN	4.8	14,428	
Seagate Storage Expansion Card for Xbox Series X|S 1TB Solid State Drive - NVMe Expansion SSD for Xbox Series X|S (STJR1000400)	4.8	44,230	219.99
ARRIS SURFboard SB8200 DOCSIS 3.1 Gigabit Cable Modem, Approved for Cox, Xfinity, Spectrum & others , White , Max Internet Speed Plan 2000 Mbps		21,975	149.00
SanDisk 1TB Extreme Portable SSD - Up to 1050MB/s - USB-C, USB 3.2 Gen 2 - External Solid State Drive - SDSSDE61-1T00-G25		44,109	158.22
HP 951 | 3 Ink Cartridges | Cyan, Magenta, Yellow | Works with HP OfficeJet Pro 251dw, 276dw, 8600 Series, 8100 | CN050AN, CN051AN, CN052AN		10,583	
SAMSUNG 980 PRO 1TB PCIe NVMe Gen4 Internal Gaming SSD M.2 (MZ-V8P1T0B)	4.8	3,397	199.99
ASUS VivoBook 15 Thin and Light Laptop, 15.6” FHD Display, Intel i3-1005G1 CPU, 8GB RAM, 128GB SSD, Backlit Keyboard, Fingerprint, Windows 10 Home in S Mode, Slate Gray, F512JA-AS34	4.5	4,941	399.99
NETGEAR WiFi Range Extender EX2800 - Coverage up to 1200 sq.ft. and 20 Devices	4.1	19,679	26.19
"AOC C24G1A 24"" Curved Frameless Gaming Monitor, FHD 1920x1080, 1500R, VA, 1ms MPRT, 165Hz (144Hz supported), FreeSync Premium, Height adjustable Black"		10,437	144.99
EVGA GeForce RTX 3080 Ti FTW3 Ultra Gaming, 12G-P5-3967-KR, 12GB GDDR6X, iCX3 Technology, ARGB LED, Metal Backplate	4.2	31	
"Sceptre E248W-19203R 24"" Ultra Thin 75Hz 1080p LED Monitor 2x HDMI VGA Build-in Speakers, Metallic Black 2018"	4.6	14,503	130.49
TP-Link Deco Mesh WiFi System (Deco S4) – Up to 5,500 Sq.ft. Coverage, Replaces WiFi Router and Extender, Gigabit Ports, Works with Alexa, 3-pack	4.6	12,966	129.99
Cat 6 Ethernet Cable 50 ft White - Flat Internet Network Lan patch cords – Solid Cat6 High Speed Computer wire With clips& Snagless Rj45 Connectors for Router, modem – faster than Cat5e/Cat5 - 50 feet	4.7	39,969	
Samsung Galaxy Tab A7 10.4 Wi-Fi 32GB Silver (SM-T500NZSAXAR)	4.7	10,752	197.88
Canon PG-245 Black Ink Cartridge Compatible to iP2820, MG2420, MG2924, MG2920, MX492, MG3020, MG2525, TS3120, TS302, TS202, TR4520		22,590	17.00
Redragon S101 Wired Gaming Keyboard and Mouse Combo RGB Backlit Gaming Keyboard with Multimedia Keys Wrist Rest and Red Backlit Gaming Mouse 3200 DPI for Windows PC Gamers (Black)		31,308	40.37
Brother Genuine Standard Yield Toner Cartridge, TN730, Replacement Black Toner, Page Yield Up To 1,200 Pages, Amazon Dash Replenishment Cartridge		7,303	42.99
Elgato HD60 S Capture Card 1080p 60 Capture, Zero-Lag Passthrough, Ultra-Low Latency, PS5, PS4, Xbox Series X/S, Xbox One, Nintendo Switch, USB 3.0 (1GC109901004)		15,464	142.99
HP 15 Laptop, 11th Gen Intel Core i5-1135G7 Processor, 8 GB RAM, 256 GB SSD Storage, 15.6” Full HD IPS Display, Windows 10 Home, HP Fast Charge, Lightweight Design (15-dy2021nr, 2020)	4.5	842	598.00
Lenovo Chromebook C330 2-in-1 Convertible Laptop, 11.6-Inch HD (1366 x 768) IPS Display, MediaTek MT8173C Processor, 4GB LPDDR3, 64 GB eMMC, Chrome OS, 81HY0000US, Blizzard White	4.5	8,053	254.99
SteelSeries Arctis 7 - Lossless Wireless Gaming Headset with DTS Headphone: X v2.0 Surround - for PC and PlayStation 4 - Black		32,190	140.05
iPhone 12 Fast Charger【Apple MFi Certified】 USB-C Type C Wall Charger with 6FT USB-C to Lightning Cable Compatible with iPhone 12/12 Mini/12Pro/12 Pro Max/11/11 Pro Max/Xs Max/XR/X, iPad	4.5	2,717	
HUANUO Dual Monitor Stand - Adjustable Spring Monitor Desk Mount Swivel Vesa Bracket with C Clamp, Grommet Mounting Base for 17 to 27 Inch Computer Screens - Each Arm Holds 4.4 to 14.3lbs	4.7	7,616	
TP-Link AC600 USB WiFi Adapter for PC (Archer T2U Plus)- Wireless Network Adapter for Desktop with 2.4GHz, 5GHz High Gain Dual Band 5dBi Antenna, Supports Win10/8.1/8/7/XP, Mac OS 10.9-10.14		19,883	16.99
TP-Link USB Bluetooth Adapter for PC(UB400), 4.0 Bluetooth Dongle Receiver Support Windows 10/8.1/8/7/XP for Desktop, Laptop, Mouse, Keyboard, Printers, Headsets, Speakers, PS4/ Xbox Controllers	4.4	27,502	9.99
USB C Fast Charger -MFi Certified - 20W PD Fast Charger with 6FT C to Type C Charger Adapter for iPhone 12/12 Mini/12 Pro/12 Pro Max/11 Pro Max/XS Max/XS/XR/X,iPad Pro	4.4	5,095	
Logitech MK335 Wireless Keyboard and Mouse Combo - Black/Silver		3,550	
HP Pavilion 15 Laptop, 11th Gen Intel Core i7-1165G7 Processor, 16 GB RAM, 512 GB SSD Storage, Full HD IPS micro-edge Display, Windows 10 Pro, Compact Design, Long Battery Life (15-eg0021nr, 2020)	4.5	1,283	1,199.99
LG 32QN600-B 32-Inch QHD (2560 x 1440) IPS Monitor with HDR 10, AMD FreeSync with Dual HDMI Inputs, Black	4.7	2,090	249.99
ROLLO Label Printer - Commercial Grade Direct Thermal High Speed Printer – Compatible with Etsy, eBay, Amazon - Barcode Printer - 4x6 Printer		11,696	
Crucial MX500 1TB 3D NAND SATA 2.5 Inch Internal SSD, up to 560MB/s - CT1000MX500SSD1	4.8	43,540	89.99
2 Pack Surge Protector Power Strip with 6 Outlets 2 USB Ports 5-Foot Long Heavy-Duty Braided Extension Cords Flat Plug 900 Joules 15A Circuit Breaker Wall Mount for Home Office ETL Listed	4.8	8,304	
Logitech M525 Wireless Mouse – Long 3 Year Battery Life, Ergonomic Shape for Right or Left Hand Use, Micro-Precision Scroll Wheel, and USB Unifying Receiver for Computers and Laptops, Black/Gray		18,913	
Western Digital 1TB WD Blue SN550 NVMe Internal SSD - Gen3 x4 PCIe 8Gb/s, M.2 2280, 3D NAND, Up to 2,400 MB/s - WDS100T2B0C	4.8	12,491	119.99
DYMO Label Printer | LabelWriter 450 Direct Thermal Label Printer, Great for Labeling, Filing, Mailing, Barcodes and More, Home & Office Organization		19,830	99.21
TP-Link WiFi 6 AX3000 Smart WiFi Router (Archer AX50) – 802.11ax Router, Gigabit Router, Dual Band, OFDMA, MU-MIMO, Parental Controls, Built-in HomeCare,Works with Alexa	4.3	5,540	129.99
iPhone Charger, JAHMAI Nylon Braided Lightning Cable[Apple MFi Certified]3Pack 6ft Fast Charging High Speed Data Sync Phone Cord Compatible with iPhone 12 11 Pro Max XS MAX XR XS X 8 7 Plus SE iPad	4.4	18,983	
Power Strip, Bototek Surge Protector with 10 AC Outlets and 4 USB Charging Ports,1875W/15A, 2100 Joules, 6 Feet Long Extension Cord for Smartphone Tablets Home,Office, Hotel, ETL Listed- Black	4.8	41,182	
KMC 6-Outlet Surge Protector Power Strip 2-Pack, 900 Joule, 4-Foot Cord, Overload Protection, Black		16,887	
HP 414A | W2020A | Toner Cartridge | Black | Works with HP Color LaserJet Pro M454 series, M479 series		994	
MSI Gaming GeForce RTX 3080 Ti 12GB GDRR6X 320-Bit HDMI/DP Nvlink Torx Fan 3 Ampere Architecture OC Graphics Card (RTX 3080 Ti Gaming X Trio 12G)	3	21	
WD_BLACK 5TB P10 Game Drive, Portable External Hard Drive HDD, Compatible with Playstation, Xbox, PC, & Mac - WDBA3A0050BBK-WESN		20,506	121.88
"Lenovo Legion 5 15 Gaming Laptop, 15.6"" FHD (1920 x 1080) Display, AMD Ryzen 7 5800H Processor, 16GB DDR4 RAM, 512GB NVMe SSD, NVIDIA GeForce RTX 3050Ti, Windows 10H, 82JW0012US, Phantom Blue"	4.4	20	1,049.99
"Western Digital 500GB WD Blue 3D NAND Internal PC SSD - SATA III 6 Gb/s, 2.5""/7mm, Up to 560 MB/s - WDS500G2B0A"	4.8	23,577	69.10
SanDisk 64GB Ultra MicroSDXC UHS-I Memory Card with Adapter - 100MB/s, C10, U1, Full HD, A1, Micro SD Card - SDSQUAR-064G-GN6MA		720,151	16.04
"Nulaxy Laptop Stand, Ergonomic Aluminum Laptop Mount Computer Stand for Desk, Detachable Laptop Riser Notebook Stand Compatible with MacBook Air Pro, Dell XPS, More 10-16"" Laptops - Gray"	4.8	21,251	43.27
"Acer Aspire 5 A515-56-36UT Slim Laptop | 15.6"" Full HD Display | 11th Gen Intel Core i3-1115G4 Processor | 4GB DDR4 | 128GB NVMe SSD | WiFi 6 | Amazon Alexa | Windows 10 Home (S Mode)"	4.6	1,935	379.99
Sabrent 4-Port USB 3.0 Hub with Individual LED Power Switches | 2 Ft Cable | Slim & Portable | for Mac & PC (HB-UM43)	4.6	135,423	11.99
CanaKit Raspberry Pi 4 8GB Starter Kit - 8GB RAM	4.8	7,897	
Logitech B100 Corded Mouse – Wired USB Mouse for Computers and laptops, for Right or Left Hand Use, Black	4.7	21,359	
NETGEAR 5-Port Gigabit Ethernet Unmanaged Switch (GS305) - Home Network Hub, Office Ethernet Splitter, Plug-and-Play, Silent Operation, Desktop or Wall Mount	4.8	28,205	15.99
Logitech C270 Desktop or Laptop Webcam, HD 720p Widescreen for Video Calling and Recording	4.5	10,707	
"Kingston 240GB A400 SATA 3 2.5"" Internal SSD SA400S37/240G - HDD Replacement for Increase Performance"	4.8	30,664	31.49
Elgato Stream Deck - Live Content Creation Controller with 15 Customizable LCD Keys, Adjustable Stand, for Windows 10 and macOS 10.13 or Late (10GAA9901)		10,074	149.99
Brother Compact Monochrome Laser Printer, HL-L2350DW, Wireless Printing, Duplex Two-Sided Printing, Amazon Dash Replenishment Ready	4.4	9,458	213.00
Creative Pebble 2.0 USB-Powered Desktop Speakers with Far-Field Drivers and Passive Radiators for Pcs and Laptops (Black)	4.6	52,786	
SK hynix Gold S31 SATA Gen3 2.5 inch Internal SSD | SSD 500GB | 500GB SATA | Up to 560MB/S | Solid State Drive | Compact 2.5' SSD Form Factor SK hynix SSD | Internal Solid State Drive | SATA SSD		10,928	
SanDisk 128GB Ultra SDXC UHS-I Memory Card - 100MB/s, C10, U1, Full HD, SD Card - SDSDUNR-128G-GN6IN	4.7	63,924	20.49
NETGEAR Nighthawk M1 Mobile Hotspot 4G LTE Router MR1100-100NAS - Up to 1Gbps Speed | Connect Up to 20 Devices | Create WLAN Anywhere | Unlocked to Use Any Sim Card-Contact Your Carrier for Data Plan	4.1	3,939	269.00
WD 5TB My Passport Portable External Hard Drive HDD, USB 3.0, USB 2.0 Compatible, Black - WDBPKJ0050BBK-WESN	4.7	19,647	109.99
Laptop Bed Tray Desk, SAIJI Adjustable PVC Leather Desktop Lap Desk, Portable Laptop Table Stand with Storage Drawer, Foldable Laptop Tray for Sofa Couch Floor (Large, Gray)	4.7	4,957	
External CD Drive USB 3.0 Portable CD DVD +/-RW Drive DVD/CD ROM Rewriter Burner Writer Compatible with Laptop Desktop PC Windows Mac Pro MacBook	4.4	20,395	42.16
HP 414A | W2022A | Toner Cartridge | Yellow | Works with HP Color LaserJet Pro M454 series, M479 series		894	
TalkWorks iPhone Charger Lightning Cable 10ft Long Heavy Duty Cord MFI Certified for Apple iPhone 12, 12 Pro/Max, 12 Mini, 11, 11 Pro/Max, XR, XS/Max, X, 8, 7, 6, 5, SE, iPad - White	4.3	9,024	12.91
HP Wireless Mouse X3000 G2 (28Y30AA, Black)	4.7	677	
Motorola MG7700 24x8 Cable Modem Plus AC1900 Dual Band WiFi Gigabit Router with Power Boost, 1000 Mbps Maximum Docsis 3.0 - Approved by Comcast Xfinity, Cox and More		5,227	
NETGEAR Cable Modem Wi-Fi Router Combo C6250 - Compatible with All Cable Providers Including Xfinity by Comcast, Spectrum, Cox | for Cable Plans Up to 300 Mbps | AC1600 Wi-Fi Speed | DOCSIS 3.0	4.5	18,942	119.99
Cat8 Ethernet Cable, Outdoor&Indoor, 6FT Heavy Duty High Speed 26AWG Cat8 LAN Network Cable 40Gbps, 2000Mhz with Gold Plated RJ45 Connector, Weatherproof S/FTP UV Resistant for Router/Gaming		31,790	
Extra Large 50L Travel Laptop Backpack with USB Charging Port Fit 17 Inch Laptops for Men Women		8,997	
CyvenSmart [3 Pack 6ft] Compatible with Samsung Galaxy S10 S9 S8 Plus Cord Charger(3A Fast Charging), TPE USB C Cable,USB A to Type C Replacement for Samsung A10/A20/A51/Note 9/8,LG V50 V40 G8 G7	4.7	34,729	
Plantronics - Voyager Focus UC with Charge Stand (Poly) - Bluetooth Dual-Ear (Stereo) Headset with Boom Mic - USB-A Compatible with PC and Mac - Active Noise Canceling - Works with Teams, Zoom & more	4.5	2,910	149.00
Fujitsu ScanSnap iX1600 Versatile Cloud Enabled Document Scanner for Mac or PC, Black		1,441	399.99
Razer Kraken X Ultralight Gaming Headset: 7.1 Surround Sound - Lightweight Aluminum Frame - Bendable Cardioid Microphone - PC, PS4, PS5, Switch, Xbox One, Xbox Series X & S, Mobile - Black	4.4	17,021	39.99
Brother Genuine High Yield Toner Cartridge, TN850, Replacement Black Toner, Page Yield Up To 8, 000 Pages, Amazon Dash Replenishment Cartridge		1,751	109.99
Canon PG-240 XL / CL-241 XL Amazon Pack		7,486	54.98
Moread HDMI to VGA, Gold-Plated HDMI to VGA Adapter (Male to Female) for Computer, Desktop, Laptop, PC, Monitor, Projector, HDTV, Chromebook, Raspberry Pi, Roku, Xbox and More - Black	4.6	36,484	
[Apple MFi Certified] iPhone Fast Charger, Veetone 20W PD Type C Power Wall Charger Travel Plug with 6FT USB C to Lightning Quick Charge Sync Cable Compatible with iPhone 12/11/XS/XR/X 8/SE 2020, iPad	4.5	5,264	
Acer Aspire TC-895-UA92 Desktop, 10th Gen Intel Core i5-10400 6-Core Processor, 12GB 2666MHz DDR4, 512GB NVMe M.2 SSD, 8X DVD, 802.11ax Wi-Fi 6, USB 3.2 Type C, Windows 10 Home		2,152	502.29
ViewSonic VA2447-MH 24 Inch Full HD 1080p Monitor with Ultra-Thin Bezel, Adaptive Sync, 75Hz, Eye Care, and HDMI, VGA Inputs for Home and Office	4.6	4,512	139.99
SAMSUNG Odyssey G5 Series 32-Inch WQHD (2560x1440) Gaming Monitor, 144Hz, Curved, 1ms, HDMI, Display Port, FreeSync Premium (LC32G55TQWNXZA)		4,119	469.97
HP 414A | W2021A | Toner Cartridge | Cyan | Works with HP Color LaserJet Pro M454 series, M479 series		863	
Square Reader for contactless and chip	4.7	11,029	41.78
LG 27UN850-W 27 Inch Ultrafine UHD (3840 x 2160) IPS Display with VESA DisplayHDR 400, USB Type-C and 3-Side Virtually Borderless Display with Height/Swivel/Pivot/Tilt Adjustable Stand, Silver	4.6	675	449.99
SAMSUNG Galaxy Tab A 8.0-inch Android Tablet 64GB Wi-Fi Lightweight Large Screen Feel Camera Long-Lasting Battery, Black	4.6	13,197	149.99
NETGEAR Cable Modem CM500 - Compatible with All Cable Providers Including Xfinity by Comcast, Spectrum, Cox | for Cable Plans Up to 400Mbps | DOCSIS 3.0	4.4	28,815	40.79
iPhone Charger Mfi Certified Lightning Cable 3Pack 10FT Nylon Braided iPhone Charger Cable Fast Charging Syncing Long Cord Compatible iPhone 12/Max/11Pro/11/XS/Max/XR/X/8/8P/7 - BlackBlue	4.3	1,311	
ZOTAC Gaming GeForce RTX 3070 Ti AMP Holo 8GB GDDR6X 256-bit 19 Gbps PCIE 4.0 Gaming Graphics Card, HoloBlack, IceStorm 2.0 Advanced Cooling, Spectra 2.0 RGB Lighting, ZT-A30710F-10P		2	1,240.00
"ASUS 24"" 1080P Gaming Monitor (VG248QG) - Full HD, 165Hz (Supports 144Hz), 0.5ms, Extreme Low Motion Blur, Speaker, Adaptive-Sync, G-SYNC Compatible, VESA Mountable, DisplayPort, HDMI, DVI-D , Black"	4.7	4,017	199.99
Cleaning Gel Universal Dust Cleaner for PC Keyboard Cleaning Car Detailing Laptop Dusting Home and Office Electronics Cleaning Kit Computer Dust Remover from ColorCoral 160G	4.2	33,657	
Hiipoo Sublimation Ink Refilled Bottles Work with C88 C88+ WF7710 ET2720 ET15000 ET2760 ET2750 ET4700 Inkjet Printers Heat Press Transfer on Mugs Plates T-Shirts Pillows Phone Case		4,131	
DisplayPort to HDMI, Benfei Gold-Plated DP Display Port to HDMI Adapter (Male to Female) Compatible for Lenovo Dell HP and Other Brand	4.4	33,464	
HP 414A | W2023A | Toner Cartridge | Magenta | Works with HP Color LaserJet Pro M454 series, M479 series	4.8	859	
Cat 6 Ethernet Cable 100 ft Flat White, Slim Long Internet Network Lan patch cords, Solid Cat6 High Speed Computer wire with clips & Rj45 Connectors for Router, modem, faster than Cat5e/Cat5, 100 feet	4.7	23,430	
Made for Amazon SanDisk 128GB microSD Memory Card for Fire Tablets and Fire -TV	4.6	51,829	21.49
Brother Monochrome Laser Printer, Compact All-In One Printer, Multifunction Printer, MFCL2710DW, Wireless Networking and Duplex Printing, Amazon Dash Replenishment Ready	4.5	10,079	199.99
Corsair Vengeance RGB PRO 16GB (2x8GB) DDR4 3200MHz C16 LED Desktop Memory - Black		33,665	97.99
Sceptre IPS 27-Inch Business Computer Monitor 1080p 75Hz with HDMI VGA Build-in Speakers, Machine Black 2020 (E275W-FPT)	4.6	2,201	154.62
GE, White, 6 Outlet 2 Pack, 2 Ft Cord, Switched Power Strip, Integrated Circuit Breaker, Overload Protection, Wall Mountable, 3 Prong, UL Listed, 14833, Count	4.7	21,438	8.99
Seagate IronWolf 4TB NAS Internal Hard Drive HDD – CMR 3.5 Inch SATA 6Gb/s 5900 RPM 64MB Cache for RAID Network Attached Storage – Frustration Free Packaging (ST4000VN008)		11,938	99.99
Logitech G Pro Wireless Gaming Mouse with Esports Grade Performance	4.7	7,173	129.98
Power Strip USB Surge Protector - SUPERDANNY Mountable Charging Station with 4 Widely Spaced AC Outlets & 4 Smart USB Ports, 5ft Desktop Extension Cord for Home, Office, Hotel, Dorm, Room, RV, Black	4.7	4,867	
ARCTIC MX-4 (incl. Spatula, 4 Grams) - Thermal Compound Paste, Carbon Based High Performance, Heatsink Paste, Thermal Compound CPU for All Coolers, Thermal Interface Material		30,909	8.89
TP-Link TL-SG108 | 8 Port Gigabit Unmanaged Ethernet Network Switch, Ethernet Splitter | Plug & Play | Fanless Metal Design | Shielded Ports | Traffic Optimization | Limited Lifetime Protection	4.8	24,512	17.99
ejet Remanufactured Ink Cartridge Replacement for HP 63XL 63 XL to use with OfficeJet 3830 Envy 4520 4512 Officejet 4650 5255 Deskjet 1112 3634 3639 3632 Printer (1 Black, 1 Color)	4.5	10,747	
Brother Genuine High Yield Toner Cartridge, TN450, Replacement Black Toner, Page Yield Up to 2,600 Pages		9,820	55.49
HyperX Cloud II - Gaming Headset, 7.1 Surround Sound, Memory Foam Ear Pads, Durable Aluminum Frame, Detachable Microphone, Works with PC, PS4, Xbox One - Red	4.6	20,433	69.99
Plantronics - CS540 Wireless DECT Headset (Poly) - Single Ear (Mono) Convertible (3 wearing styles) - Connects to Desk Phone - Noise Canceling Microphone	4.4	1,546	137.97
Canon PG-240 XL Black Ink Catridge Compatible to MG2120, MG3120, MG4120, MX512, MX432, MX372, MX522, MX452, MG3520, MG3620, MX472, MX532, TS5120	4.7	14,910	22.99
Bluetooth Audio Adapter for Music Streaming Sound System, Esinkin Wireless Audio Adapter Works with Smartphones and Tablets, Wireless Adapter for Speakers	4.5	26,165	
"Acer Chromebook Spin 311 Convertible Laptop, Intel Celeron N4020, 11.6"" HD Touch, 4GB LPDDR4, 32GB eMMC, Gigabit Wi-Fi 5, Bluetooth 5.0, Google Chrome, CP311-2H-C679"		7,328	269.99
TP-Link Deco WiFi 6 Mesh WiFi System(Deco X20) - Covers up to 5800 Sq.Ft. , Replaces WiFi Routers and WiFi Extenders, Works with Alexa, 3-Pack	4.6	4,328	224.99
HP 67 | Ink Cartridge | Tri-color | Works with HP ENVY 6000 Series, HP ENVY Pro 6400 Series, HP DeskJet 1255, 2700 Series, DeskJet Plus 4100 Series | 3YM55AN	4.7	10,284	
iPhone Charger, TAKAGI 3Pack 6FT Nylon Braided Lightning to USB Cable Power Fast Charging Data Sync Transfer Cord[Apple MFi Certified]Compatible with iPhone 12 11 Pro Max XS XR X 8 7 Plus 6S SE iPad	4.6	5,254	
CloudValley Webcam Cover Slide[2-Pack], 0.023 Inch Ultra-Thin Metal Web Camera Cover for MacBook Pro, iMac, Laptop, PC, iPad Pro, iPhone 8/7/6 Plus, Protect Your Visual Prvacy [Black]		30,882	
Seagate (STGD2000100) Game Drive for PS4 Systems 2TB External Hard Drive Portable HDD – USB 3.0, Officially Licensed Product	4.8	27,359	79.99
Amazon Basics Wireless Computer Mouse with USB Nano Receiver - Black	4.5	41,058	12.19
Logitech M330 Silent Plus Wireless Mouse – Enjoy Same Click Feel with 90% Less Click Noise, 2 Year Battery Life, Ergonomic Right-Hand Shape for Computers and Laptops, USB Unifying Receiver, Black		12,454	
CyberpowerPC Gamer Xtreme VR Gaming PC, Intel i5-10400F 2.9GHz, GeForce GTX 1660 Super 6GB, 8GB DDR4, 500GB NVMe SSD, Wi-Fi Ready & Windows 10 Home (GXiVR8060A10)	4.6	8,974	949.99
iPhone Charger [Apple MFi Certified] WUYA 6Pack 3/3/6/6/6/10 FT Nylon Braided Lightning Cable Fast Charging Cord Compatible iPhone 12 11 Pro Max XS X	4.6	2,083	
NVIDIA SHIELD Android TV Pro 4K HDR Streaming Media Player; High Performance, Dolby Vision, 3GB RAM, 2x USB, Works with Alexa		6,258	199.99
XFX Radeon RX 580 GTS XXX Edition 1386MHz OC+, 8GB GDDR5, VR Ready, Dual BIOS, 3xDP HDMI DVI, AMD Graphics Card (RX-580P8DFD6)	4.5	6,720	774.99
StinkLight iPhone Fast Charger, USB C Fast Charger 20W PD Fast Adapter Type C Power Wall Charger with Cable Compatible iPhone 12/12 Mini/12Pro/12 Pro Max/11/11 Pro Max/Xs Max/XR/X, iPad, White,3 feet	4.5	1,480	
"2020 Flagship HP 14 Chromebook Laptop Computer 14"" HD SVA Anti-Glare Display Intel Celeron Processor 4GB DDR4 64GB eMMC Backlit WiFi Webcam Chrome OS (Renewed)"		451	180.00
HP 65 | 2 Ink Cartridges | Black, Tri-color | Works with HP DeskJet 2600 Series, 3700 Series, HP ENVY 5000 Series, HP AMP 100, 120, 125, 130 | N9K01AN, N9K02AN	4.7	16,997	
Logitech K400 Plus Wireless Touch TV Keyboard with Easy Media Control and Built-In Touchpad	4.5	23,836	
HP ENVY Desktop Computer, Intel Core i7-10700, 16 GB RAM, 1 TB Hard Drive & 512 GB SSD Storage, Windows 10 Pro (TE01-1022, 2020 Model)		891	1,159.99
1080P Business Webcam with Dual Microphone & Privacy Cover, NexiGo N660 USB FHD Web Computer Camera, Plug and Play, for Zoom/Skype/Teams/Webex, Laptop MAC PC Desktop	4.4	10,016	
Lenovo G34w-10 34-Inch WQHD Curved Gaming Monitor, 21:9 Ultra-Wide, 3 Side NearEdgeless, 3440 x 1440, AMD FreeSync, 144Hz, HDMI, DP, Adjustable Stand, VESA, 66A1GCCBUS, Black	4.3	171	339.99
Synology 2 Bay NAS DiskStation DS220+ (Diskless)		2,917	294.49
Sceptre IPS 24-Inch Business Computer Monitor 1080p 75Hz with HDMI VGA Build-in Speakers, Machine Black (E248W-FPT)	4.7	2,117	148.41
EVGA GeForce RTX 3060 XC Gaming, 12G-P5-3657-KR, 12GB GDDR6, Dual-Fan, Metal Backplate	4.5	189	845.00
8 Ft Power Strip, Yintar Surge Protector with 18 AC Outlets, 8 Feet Flat Plug Extension Cord (1875W/15A) for for Home, Office, Dorm Essentials, 2100 Joules, ETL Listed, Black	4.8	3,325	
Gimars Upgrade Enlarge Gel Memory Foam Set Keyboard Wrist Rest Pad, Mouse Wrist Cushion Support for Office, Computer, Laptop, Mac, Comfortable, Lightweight for Easy Typing Pain Relief, Black	4.5	25,063	24.37
Turtle Beach Stealth 600 Gen 2 Wireless Gaming Headset for Xbox One and Xbox Series X|S	4.5	by Turtle Beach	99.95
NexiGo AutoFocus 1080p Webcam with Stereo Microphone, Software Control and Privacy Cover, N930AF FHD USB Web Camera, Compatible with Zoom/Skype/Teams/Webex, PC Mac Desktop		18,173	
HP 24-inch All-in-One Desktop Computer, AMD Athlon Silver 3050U Processor, 8 GB RAM, 256 GB SSD, Windows 10 Home (24-dd0010, White)	4.7	961	
Bladeless Neck Fan, 5000mAh Rechargeable Battery Powered, 21 Working Hours Max, 4 Speeds, Natural Wind Mode, Angle Adjustable, Hand-free Neck Fan for Both Outdoor & Indoor Use, UL Certified, Black	4.6	629	
Ledger Nano S - Cryptocurrency Hardware Wallet v1.4 - Bitcoin, Ethereum, Ripple, Altcoins and ERC Tokens	4.5	14,379	
Razer DeathAdder Essential Gaming Mouse: 6400 DPI Optical Sensor - 5 Programmable Buttons - Mechanical Switches - Rubber Side Grips - White	4.7	30,213	24.85
ARRIS Surfboard S33 DOCSIS 3.1 Multi-Gigabit Cable Modem with 2.5 Gbps Ethernet Port, Approved for Cox, Xfinity, Spectrum & Others.	4.6	515	169.99
3Pack Original [Apple MFi Certified] Charger Lightning to USB Cable Compatible iPhone 11 Pro/11/XS MAX/XR/8/7/6s/6/plus,iPad Pro/Air/Mini,iPod Touch(White 1M/3.3FT)		4,740	
"SAMSUNG LC24F396FHNXZA 23.5"" FHD Curved LED-Lit FreeSync Monitor"	4.7	5,921	
TP-Link WiFi 6 Router AX1800 Smart WiFi Router (Archer AX21) – Dual Band Gigabit Router, Works with Alexa - A Certified for Humans Device	4.6	2,984	89.99
iPhone Charger, YUNSONG 3Pack 6FT Nylon Braided Lightning Cable Fast Charging High Speed Data Sync USB Cord Compatible with iPhone 12 11 Pro Max XS XR X 8 7 6S 6 Plus SE 5S		56,803	
Docking Station Dual Monitor, 14 in 1 USB-C Laptop Docking Station USB Type C Hub Multiport Adapter Dongle with 2 HDMI VGA 5 USB SD/TF Audio for Dell/Surface/HP/Lenovo Laptops	4.3	580	
Amazon Basics HDMI to DVI Adapter Cable, Black, 6 Feet, 1-Pack		54,164	7.87
300 PCS Stickers Pack (50-850Pcs/Pack), Colorful VSCO Waterproof Stickers, Cute Aesthetic Stickers. Laptop, Water Bottle, Phone, Skateboard Stickers for Teens Girls Kids, Vinyl Sticker.		6,775	
HP Pavilion Gaming Desktop, NVIDIA GeForce GTX 1650 Super, Intel Core i3-10100, 8 GB DDR4 RAM, 256 GB PCIe NVMe SSD, Windows 10 Home, USB Mouse and Keyboard, Compact Tower Design (TG01-1022, 2020)	4.6	709	728.00
Power Strip with USB C, 3 Outlets 4 USB Ports (22.5W/4.5A) Desktop Charging Station, Flat Plug, 5ft Braided Extension Cord, Non Surge Protector for Travel, Cruise Ship, ETL Listed	4.8	9,895	
Canon PG-240 Black Ink Cartridge Compatible to MG2120, MG3120, MG4120, MX392, MG2220, MG3220, MG4220, MG3520, MG3620, MX472, MX532, TS5120		13,100	19.48
VIVO STAND-V002F Dual LED LCD Monitor Free-Standing Desk Stand for 2 Screens up to 27 Inch Heavy-Duty Fully Adjustable Arms with Max VESA 100x100mm	4.6	10,769	
Razer Kraken Tournament Edition THX 7.1 Surround Sound Gaming Headset: Retractable Noise Cancelling Mic - USB DAC -  For PC, PS4, PS5, Nintendo Switch, Xbox One, Xbox Series X & S, Mobile – Black	4.5	12,649	69.99
Travel Laptop Backpack Water Resistant Anti-Theft Bag with USB Charging Port and Lock 14/15.6 Inch Computer Business Backpacks for Women Men College School Student Gift,Bookbag Casual Hiking Daypack		20,575	
Razer BlackShark V2 Pro Wireless Gaming Headset: THX 7.1 Spatial Surround Sound - 50mm Drivers - Detachable Mic - For PC - 3.5mm Headphone Jack - Black	4.5	11,698	159.99
"Lenovo Legion 5 Gaming Laptop, 15.6"" FHD (1920x1080) IPS Screen, AMD Ryzen 7 4800H Processor, 16GB DDR4, 512GB SSD, NVIDIA GTX 1660Ti, Windows 10, 82B1000AUS, Phantom Black"	4.7	1,818	999.99
MFi Certified 10FT Lightning Cable iPhone Charger Cord 90 Degree Fast Data Cable Nylon Braided Compatible with iPhone Xs Max/XS/XR/7/7Plus/X/8/8Plus/6S/6S Plus/SE (Gray, 10FT)	4.4	26,032	
[2+2 Pack] QHOHQ Screen Protector for iPad Pro 11 2020 ＆ 2021 with Camera Lens Protector,Tempered Glass Film,9H Hardness - HD - Anti-Fingerprint - Anti-Scratch,Compatible with Face ID ＆ Apple Pencil	4.6	2,998	
【Upgrade】 LED Wireless Mouse, Rechargeable Slim Silent Mouse 2.4G Portable Mobile Optical Office Mouse with USB & Type-c Receiver, 3 Adjustable DPI for Notebook, PC, Laptop, Computer, Desktop (Black)	4.4	15,244	
HP 58X | CF258X | Toner Cartridge | Black | Works with HP LaserJet Pro M404 series, M428 series | High Yield		500	
Google Nest Wifi -  AC2200 - Mesh WiFi System -  Wifi Router - 4400 Sq Ft Coverage - 2 pack	4.6	4,559	282.99
LG 34GP83A-B 34 Inch 21: 9 UltraGear Curved QHD (3440 x 1440) 1ms Nano IPS Gaming Monitor with 160Hz and G-SYNC Compatibility - Black (34GP83A-B)	4.7	774	799.23
"Philips Computer Monitors 241E1S 24"" Frameless Monitor, 1920x1080 Full HD IPS, 106% sRGB, 75Hz, FreeSync, VESA, 4Yr Advance Replacement, Black"		83	119.99
Powered USB Hub 3.0, Atolla 7-Port USB Data Hub Splitter with One Smart Charging Port and Individual On/Off Switches and 5V/4A Power Adapter USB Extension for MacBook, Mac Pro/Mini and More.	4.6	12,185	
"Razer Blade 15 Base Gaming Laptop 2020: Intel Core i7-10750H 6-Core, NVIDIA GeForce GTX 1660 Ti, 15.6"" FHD 1080p 120Hz, 16GB RAM, 256GB SSD, CNC Aluminum, Chroma RGB Lighting, Black"	4.5	1,332	1,177.08
[2+2 Pack] QHOHQ Screen Protector for iPad Pro 12.9 2020 ＆ 2021 with Camera Lens Protector,Tempered Glass Film,9H Hardness - HD - Anti-Fingerprint - Anti-Scratch,Compatible with Face ID ＆ Apple Pencil		3,961	
ASUS ROG Strix G17 (2021) Gaming Laptop, 17.3” 300Hz IPS Type FHD, NVIDIA GeForce RTX 3070, AMD Ryzen 9 5900HX, 16GB DDR4, 1TB PCIe NVMe SSD, RGB Keyboard, Windows 10, G713QR-ES96	4.2	46	2,069.00
iPhone Fast Charger Cable, 【Apple MFi Certified】Apple iPhone Charging Cord 2-Pack 6.6ft USB Type C to Lightning Cable for iPhone 12/12 PRO/Max/11/11PRO/XS/Max/XR/X/8/8Plus		2,066	
Canon PG-245XL/CL-246XL Ink/Photo Paper Pack, Compatible to MX490, MX492, MG2522, MG3020,MG2920,MG2924,iP2820,MG2525 and MG2420		16,302	52.97
Logitech C930e 1080P HD Video Webcam - 90-Degree Extended View, Microsoft Lync 2013 and Skype Certified - Black	4.6	3,570	
Dell S3221QS 32 Inch Curved 4K UHD, VA Ultra-Thin Bezel Monitor, AMD FreeSync, HDMI, DisplayPort, Built in Speakers, VESA Certified, Silver	4.6	1,007	
TP-Link N300 WiFi Extender(TL-WA855RE)-WiFi Range Extender, up to 300Mbps speed, Wireless Signal Booster and Access Point, Single Band 2.4Ghz Only		104,226	14.99
USB Type C Cable 10ft, [2 Pack] CyvenSmart USB A 2.0 to USB-C Fast Charger Extra Long Durable TPE Cord Compatible with Samsung Galaxy A10/A20/A51/S10/S9/S8 Plus/Note 9/8,LG V50 V40 G8 G7 Thinq, Moto Z		22,657	
PNY 32GB Elite Class 10 U1 MicroSDHC Flash Memory Card 3-Pack, 32GB 3-Pack	4.7	10,514	17.30
Epson EcoTank ET-3760 Wireless Color All-in-One Cartridge-Free Supertank Printer with Scanner, Copier and Ethernet, Regular		1,270	
GE 6-Outlet Surge Protector, 10 Ft Extension Cord, Power Strip, 600 Joules, Twist-to-Close Safety Covers, UL Listed, Black, 37442	4.8	23,769	12.99
EPSON T252 DURABrite Ultra Ink High Capacity Black & Standard Color Cartridge Combo Pack (T252XL-BCS) for select Epson WorkForce Printers	4.7	4,261	
ASUS GeForce RTX 2060 Overclocked 6G GDDR6 Dual-Fan EVO Edition VR Ready HDMI DisplayPort DVI Graphics Card (DUAL-RTX2060-O6G-EVO)		957	639.99
Dell Inspiron 3880 Desktop Computer - Intel Core i5 10th Gen, 12GB Memory, 512GB Solid State Drive, Windows 10 Pro, 2 Year On-Site (Latest Model) - Black	4.5	611	749.97
TP-Link AC1200 Gigabit WiFi Router (Archer A6) - 5GHz Dual Band Mu-MIMO Wireless Internet Router, Supports Guest WiFi and AP mode, Long Range Coverage	4.5	16,306	39.99
Stylus Pens for Touch Screens, LIBERRWAY Stylus Pen 10 Pack of Pink Purple Black Green Silver Stylus Universal Touch Screen Capacitive Stylus Compatible with Kindle ipad iPhone Samsung	4.6	27,632	
Ubiquiti Networks UniFi UAP-AC-PRO, 3dBi, 22dBm, 450Mbps, 3x3 @ 2. 4GHz & 3dBi, 22dBm, 1300Mbps, 3x3 @ 5GHz, 2xGigabit, 122m	4.7	2,351	
NETGEAR WiFi Mesh Range Extender EX6250 - Coverage up to 2000 sq.ft. and 32 devices with AC1750 Dual Band Wireless Signal Booster & Repeater (up to 1750Mbps speed), plus Mesh Smart Roaming	4.2	2,159	50.00
ASUS ROG Strix B550-F Gaming (WiFi 6) AMD AM4 Zen 3 Ryzen 5000 & 3rd Gen Ryzen ATX Gaming Motherboard (PCIe 4.0, 2.5Gb LAN, BIOS Flashback, HDMI 2.1, Addressable Gen 2 RGB Header and Aura Sync)		2,170	189.99
Gigastone 256GB Micro SD Card, Gaming Plus, MicroSDXC Memory Card for Nintendo-Switch, 100MB/s, 4K Video Recording, Action Camera, Wyze, GoPro,Dash Cam, Security Camera, UHS-I A1 U3 V30 Class 10	4.8	19,927	
Amazon Basics USB 2.0 Printer Cable - A-Male to B-Male Cord - 6 Feet (1.8 Meters), Black	4.7	27,896	6.28
Wyze Labs Expandable Storage 32GB MicroSDHC Card Class 10, Black - WYZEMSD32C10		18,311	12.95
"ASUS VP28UQG 28"" Monitor 4K/UHD 3840x2160 1ms DP HDMI Adaptive Sync/FreeSync Eye Care Monitor , Black"	4.5	2,545	249.00
E-Z Ink (TM) Compatible Toner Cartridge Replacement for Brother TN760 TN-760 TN730 to Use with HL-L2350DW HL-L2395DW HL-L2390DW HL-L2370DW MFC-L2750DW MFC-L2710DW DCP-L2550DW (Black,2 Pack)	4.7	4,371	
HyperX QuadCast - USB Condenser Gaming Microphone, for PC, PS4, PS5 and Mac, Anti-Vibration Shock Mount, Four Polar Patterns, Pop Filter, Gain Control, Podcasts, Twitch, YouTube, Discord, Red LED		12,264	139.99
SkyGenius Battery Operated Stroller Fan, Rechargeable USB Powered Mini Clip on Desk Fan	4.4	8,400	
iPhone Charger AUNC 3PACK 6Feet Long Lightning to USB Charging Cable Fast Connector Data Sync Transfer Cord Compatible with iPhone 11 / Xs Max/X/8/7/Plus/6S/6/SE/5S iPad…	4.5	11,820	
"USB C Adapter for MacBook Pro/MacBook Air 2020 2019 2018 13"" 15"" 16"", 6 in 1 USB-C Hub with 3 USB 3.0 Ports, USB C to SD/TF Card Reader and 100W Thunderbolt 3 PD Port"		9,655	
Power Strip, SUPERDANNY USB Surge Protector Power Strip, Mountable Extension Cord Multiple Protection 5 Outlets 3 USB Ports with Hook & Loop Fastener for iPhone iPad PC Home Office Dorm Travel, Black	4.7	22,179	
"AOC 27B2H 27"" Full HD IPS Monitor, 3-Sided Frameless & Ultra Slim Design, HDMI and VGA inputs, Lowblue Mode, VESA compatible,Black"	4.7	2,539	149.99
Jeecoo Xiberia USB Pro Gaming Headset for PC- 7.1 Surround Sound Headphones with Noise Cancelling Microphone- Memory Foam Ear Pads RGB Lights for Laptops	4.4	17,171	
Amazon Basics USB Type-C to USB-A 2.0 Male Charger Cable, 6 Feet (1.8 Meters), Black		52,170	8.51
Alienware 25 AW2521HF 24.5 inch Gaming Monitor (Dark), Dark Grey- Dark Side of the Moon	4.8	1,464	
Razer Viper Mini Ultralight Gaming Mouse: Fastest Gaming Switches - 8500 DPI Optical Sensor - Chroma RGB Underglow Lighting - 6 Programmable Buttons - Drag-Free Cord - Classic Black		18,573	37.66
"OtterBox DEFENDER SERIES Case for iPad 8th & 7th Gen (10.2"" Display - 2020 & 2019 version) - BLACK"		5,873	74.38
Power Strip with 8 Ft, POWLIGHT Surge Protector with 12 AC Outlets and 4 USB Ports,1875W/15A, 2100 Joules, 8 Feet Long Extension Cord for Smartphone Tablets Home,Office, Hotel- Black	4.8	3,976	
Amazon Basics 8-Outlet Power Strip Surge Protector | 4,500 Joule, 6-Foot Cord		12,586	16.99
Logitech M510 Wireless Computer Mouse – Comfortable Shape with USB Unifying Receiver, with Back/Forward Buttons and Side-to-Side Scrolling - Red		17,675	
ASUS AM4 TUF Gaming X570-Plus (Wi-Fi) AM4 Zen 3 Ryzen 5000 & 3rd Gen Ryzen ATX Motherboard with PCIe 4.0, Dual M.2, 12+2 with Dr. MOS Power Stage	4.7	5,014	191.83
ASUS AM4 TUF Gaming X570-Plus (Wi-Fi) AM4 Zen 3 Ryzen 5000 & 3rd Gen Ryzen ATX Motherboard with PCIe 4.0, Dual M.2, 12+2 with Dr. MOS Power Stage	4.7	5,014	191.83
TP-Link AX5400 WiFi 6 Router (Archer AX73)- Dual Band Gigabit Wireless Internet Router, High-Speed ax Router for Streaming, Long Range Coverage	4.6	366	174.99
Amazon Basics USB 2.0 Printer Cable - A-Male to B-Male Cord - 10 Feet (3 Meters)	4.8	24,790	7.17
Toshiba Canvio Basics 2TB Portable External Hard Drive USB 3.0, Black - HDTB420XK3AA		36,447	59.99
2021 Newest HP Pavilion Gaming Desktop Computer, AMD 6-Core Ryzen 5 3500 Processor(Beat i5-9400, Upto 4.1GHz), GeForce GTX 1650 Super 4 GB, 8GB RAM, 256GB PCIe NVMe SSD,Mouse and Keyboard, Win 10 Home	4.5	276	748.00
Brother Genuine Standard Yield Toner Cartridge, TN630, Replacement Black Toner, Page Yield Up To 1,200 Pages, Amazon Dash Replenishment Cartridge	4.7	6,068	39.98
Verbatim CD-R Blank Disc 700MB 80 Minute 52x for Data and Music - 100 PK Spindle FFP		18,186	14.88
Turtle Beach Ear Force Recon 50x Stereo Gaming Headset for Xbox One & Xbox Series X|S PlayStation 5 & PS4	4.4	by Turtle Beach	24.95
Intel Core i7-10700K Desktop Processor 8 Cores up to 5.1 GHz Unlocked LGA1200 (Intel 400 Series Chipset) 125W (BX8070110700K)	4.9	2,265	318.25
SanDisk 128GB Extreme SDXC UHS-I Card - C10, U3, V30, 4K UHD, SD Card - SDSDXV5-128G-GNCIN		39,767	23.49
ROG Strix GA15DK Gaming Desktop PC, AMD Ryzen 7 5800X, GeForce RTX 3070, 16GB DDR4 RAM, 512GB SSD + 1TB HDD, Wi-Fi 5, Windows 10 Home, GA15DK-AS776	4.1	514	1,848.00
Lenovo Chromebook S330 Laptop, 14-Inch FHD (1920 x 1080) Display, MediaTek MT8173C Processor, 4GB LPDDR3, 64GB eMMC, Chrome OS, 81JW0000US, Business Black	4.3	1,971	227.48
"Lenovo Tab M8 Tablet, 8"" HD Android Tablet, Quad-Core Processor, 2GHz, 32GB Storage, Full Metal Cover, Long Battery Life, Android 9 Pie, ZA5G0060US, Slate Black"		4,881	99.99
Brother Printer Genuine LC30133PKS 3-Pack High Yield Color Ink Cartridges, Page Yield Up to 400 Pages/Cartridge, Includes Cyan, Magenta and Yellow, LC3013	4.7	3,559	37.49
MOSISO Compatible with MacBook Air 13 inch Case 2020 2019 2018 Release A2337 M1 A2179 A1932 Retina Display Touch ID, Plastic Hard Shell&Keyboard Cover&Screen Protector&Storage Bag, Transparent	4.3	28,556	
[ Apple MFi Certified 2pack ] iPhone Charger 6ft,Lightning Cable Long 6 Foot Cord, Fast Charging Cables for Apple iPhone 12/11/11Pro/11Max/ X/XS/XR/XS Max/8/7/6/5S/SE/iPad Mini Air (Blue)		25,311	
Samsung BAR Plus 128GB - 300MB/s USB 3.1 Flash Drive Titan Gray (MUF-128BE4/AM)	4.7	34,307	19.99
TP-Link AV600 Powerline Ethernet Adapter(TL-PA4010 KIT)- Plug&Play, Power Saving, Nano Powerline Adapter, Expand Home Network with Stable Connections	4.3	16,903	37.99
ZOTAC Gaming GeForce GTX 1660 Super 6GB GDDR6 192-bit Gaming Graphics Card, Super Compact, ZT-T16620F-10L		1,522	499.99
Logitech S120 2.0 Stereo Speakers	4.5	15,837	
Laptop Backpack,Business Travel Anti Theft Slim Durable Laptops Backpack with USB Charging Port,Water Resistant College School Computer Bag for Women & Men Fits 15.6 Inch Laptop and Notebook - Black	4.7	13,054	
NETGEAR 26-Port PoE Gigabit Ethernet Smart Switch (GS324TP) - Managed, with 24 x PoE+ @ 190W, 2 x 1G SFP, Desktop or Rackmount, S350 series		433	224.49
EPSON T702 DURABrite Ultra Ink High Capacity Black & Standard Color Cartridge Combo Pack (T702XL-BCS) for select Epson WorkForce Pro Printers	4.7	4,604	
Wireless USB WiFi Adapter for PC - 802.11AC 1200Mbps Dual 5Dbi Antennas 5G/2.4G WiFi USB for PC Desktop Laptop MAC Windows 10/8/8.1/7/Vista/XP/Mac10.6/10.13, WiFi USB Computer Network Adapters	4.4	10,306	
Amazon Basics Gel Computer Mouse Pad with Wrist Support Rest	4.6	17,133	9.30
"AOC G2490VX 24"" Class Frameless Gaming Monitor, FHD 1920x1080, 1ms 144Hz, FreeSync Premium, 126% sRGB / 93% DCI-P3, 3Yr Re-Spawned Zero Dead Pixels, Black"	4.5	1,139	179.23
Amazon Basics 3-Button USB Wired Computer Mouse (Black), 1-Pack	4.6	49,599	10.63
NUBWO G06 Wireless Gaming Headset for PS5, PS4, PC, Noise Cancelling Over Ear Gaming Headphones with Mic, 2.4GHz Ultra-Low Latency, Soft Memory Earmuffs, Wired Mode for Xbox One, Xbox Series X Games		690	
CyberpowerPC Gamer Supreme Liquid Cool Gaming PC, AMD Ryzen 7 3800X 3.9GHz, GeForce RTX 3060 12GB, 16GB DDR4, 1TB NVMe SSD, WiFi Ready & Win 10 Home (SLC8260A5)	4.1	299	1,709.99
"Macally Car Headrest Mount Holder for Apple iPad Pro / Air / Mini, Tablets, Nintendo Switch, iPhone, & Smartphones 4.5"" to 10"" Wide with Dual Adjustable Positions and 360° Rotation (HRMOUNTPRO),Silver"	4.3	11,005	
HP 48A | CF248A | Toner Cartridge | Black | Works with HP LaserJet Pro M15w, MFP M28w, M29w		3,920	
"Acer Nitro XV272U Pbmiiprzx 27"" WQHD (2560 x 1440) IPS G-SYNC Compatible Monitor, 144Hz, 1ms VRB, VESA Certified DisplayHDR400, DCI-P3, Delta E<2"	4.6	1,498	299.99
ASUS VG278QR 27” Gaming Monitor, 1080P Full HD, 165Hz (Supports 144Hz), G-SYNC Compatible, 0.5ms, Extreme Low Motion Blur, Eye Care, DisplayPort HDMI DVI	4.8	3,949	229.00
NETGEAR Orbi Whole Home Tri-band Mesh WiFi 6 System (RBK752) – Router with 1 Satellite Extender | Coverage up to 5,000 sq. ft. and 40+ Devices | AX4200 (Up to 4.2Gbps)		1,481	349.00
Square - A-SKU-0523 Reader for magstripe (Lightning Connector)	4.7	12,639	9.98
TP-Link WiFi 6 AX3000 PCIe WiFi Card for PC with Heat Sink (Archer TX50E), Bluetooth 5.0, 802.11AX Dual Band Wireless Adapter with MU-MIMO, Ultra-Low Latency, Supports Windows 10 (64bit) Only	4.6	3,644	44.99
EVGA SuperNOVA 650 Ga, 80 Plus Gold 650W, Fully Modular, ECO Mode with Dbb Fan, 10 Year Warranty, Compact 150mm Size, Power Supply 220-GA-0650-X1		592	79.99
iPad Keyboard Case for 10.2-inch iPad 8th Generation (2020), 7th Gen, Air 3, Pro 10.5 in 11 Colors - 10 Color Backlight, 7 Modes, 360° Rotatable, Slim Protective Cover, Apple Pencil Holder (Black)	4.5	15,507	
Thermal Label Printer - iDPRT SP410 Thermal Shipping Label Printer, 4x6 Lable Printer, Commercial Direct Thermal Label Maker, Compatible with Shopify, Ebay, Amazon &Etsy, Support Multiple Systems	4.6	1,092	
WZK Colorful 6 Pack iPhone Charger, 2.9/2.9/6/6/10/10 FT [Apple MFi Certified] Lightning Cable Compatible iPhone12 11 Pro Max XR XS X More Series		3,387	11.99
"Lenovo IdeaPad 3 15"" Laptop, 15.6"" HD (1366 x 768) Display, AMD Ryzen 3 3250U Processor, 4GB DDR4 Onboard RAM, 128GB SSD, AMD Radeon Vega 3 Graphics, Windows 10, 81W10094US, Business Black"	4.5	1,216	359.99
"Acer Predator Helios 300 Gaming Laptop, Intel i7-10750H, NVIDIA GeForce RTX 3060 Laptop GPU, 15.6"" Full HD 144Hz 3ms IPS Display, 16GB DDR4, 512GB NVMe SSD, WiFi 6, RGB Keyboard, PH315-53-71HN"	4.5	169	1,649.00
"Western Digital 1TB WD Green Internal PC SSD Solid State Drive - SATA III 6 Gb/s, 2.5""/7mm, Up to 550 MB/s - WDS100T2G0A"		4,940	89.99
Brother Business Color Laser Printer, HL-L8360CDW, Wireless Networking, Automatic Duplex Printing, Mobile Printing, Cloud printing, Amazon Dash Replenishment Ready	4.4	1,503	349.99
iPhone Charger, [MFi Certified] 3Pack 10FT USB A Cable for Long Charger Cable, Fast iPhone Charging Cord for iPhone Xs Max/XS/XR/X/8/7/6S/6/Plus/SE/iPad(Silver)	4.6	5,525	
2 Pack Premium Laptop PC Monitor Stand with Sturdy, Stable Black Metal Construction. Fashionable Riser Height Adjustable with Non-Skid Rubber. Perfect for Computer Monitor iMac Stand or Computer Shelf		7,602	
TP-Link USB WiFi Adapter for Desktop PC, AC1300Mbps USB 3.0 WiFi Dual Band Network Adapter with 2.4GHz/5GHz High Gain Antenna, MU-MIMO, Windows 10/8.1/8/7/XP, Mac OS 10.9-10.15(Archer T3U Plus) Black	4.5	4,098	19.99
Dell Ultrasharp U2719DX 27-Inch WQHD 2560x1440 Resolution IPS Monitor with Infinity Edge Bezels, Black	4.7	710	
SanDisk 2TB Extreme PRO Portable SSD - Up to 2000MB/s - USB-C, USB 3.2 Gen 2x2 - External Solid State Drive - SDSSDE81-2T00-G25	4.8	4,822	369.99
Logitech G923 Racing Wheel and Pedals for PS 5, PS4 and PC featuring TRUEFORCE up to 1000 Hz Force Feedback, Responsive Pedal, Dual Clutch Launch Control, and Genuine Leather Wheel Cover	4.5	448	
TP-Link AC1750 WiFi Extender (RE450), PCMag Editor's Choice, Up to 1750Mbps, Dual Band WiFi Repeater, Internet Booster, Extend WiFi Range further	4	21,381	61.96
ASUS WiFi 6 Router (RT-AX3000) - Dual Band Gigabit Wireless Internet Router, Gaming & Streaming, AiMesh Compatible, Included Lifetime Internet Security, Parental Control, MU-MIMO, OFDMA		2,387	159.99
AMD Ryzen 5 2600 Processor with Wraith Stealth Cooler - YD2600BBAFBOX	4.8	21,194	
USB C Hub, USB Hub to HDMI Multiport AorZ USB C Dongle Adapter 7 in 1 with 4K HDMI Output,3 USB 3.0 Ports,SD/Micro SD Card Reader,100W PD,Compatible with MacBook Pro Air HP XPS and More Type C Devices	4.5	1,465	
"Sceptre E255B-1658A 25"" 165Hz 144Hz 1ms AMD FreeSync gaming LED Monitor 2x HDMI 2.0 1x DisplayPort RTS FPS Build-in Speakers, Machine Black, Metallic Black"		5,917	181.01
"SAIJI Tablet Stand Holder, Height Adjustable, 360 Degree Rotating, Aluminum Alloy Cradle Mount Dock for 4.7""-12.9"" Screen iPhone Samsung, iPad, Kindle, eBook Reader (Silver)"	4.8	7,388	
Logitech MX Master Wireless Mouse – High-precision Sensor, Speed-Adaptive Scroll Wheel, Easy-Switch up to 3 Devices - Meteorite Black	4.7	5,540	
Roku Streambar 4K/HD/HDR Streaming Media Player & Premium Audio, All In One, Includes Roku Voice Remote, Released 2020		3,728	99.00
Desktop Power Strip with 3 Outlet 4 USB Ports 4.5A, Flat Plug and 5 ft Long Braided Extension Cords for Cruise Ship Travel Home Office, ETL Listed	4.8	13,582	
"ASUS TUF Gaming 27"" 2K HDR Gaming Monitor (VG27AQ) - WQHD (2560 x 1440), 165Hz (Supports 144Hz), 1ms, Extreme Low Motion Blur, Speaker, G-SYNC Compatible, VESA Mountable, DisplayPort, HDMI"	4.7	2,977	379.00
Logitech C925-e Webcam with HD Video and Built-In Stereo Microphones - Black		2,477	
Motorola MG8702 | DOCSIS 3.1 Cable Modem + Wi-Fi Router (High Speed Combo) with Intelligent Power Boost | AC3200 Wi-Fi Speed | Approved for Comcast Xfinity, Cox, and Charter Spectrum	4.4	9,880	
NETGEAR Nighthawk X6S Smart Wi-Fi Router (R8000P) - AC4000 Tri-band Wireless Speed (Up to 4000 Mbps) | Up to 3500 Sq Ft Coverage & 55 Devices | 4 x 1G Ethernet and 2 USB Ports	4.4	3,042	241.81
Wacom Intuos Graphics Drawing Tablet for Mac, PC, Chromebook & Android (small) with Software Included - Black (CTL4100)		11,944	69.87
Dell S2421HGF 24 Inch FHD TN, Anti-Glare Gaming Monitor - 1ms Response Time, 1080p 144Hz, LED Edgelight System, AMD FreeSync Premium, VESA, Gray	4.8	3,780	
SAMSUNG T7 Portable SSD 1TB - Up to 1050MB/s - USB 3.2 External Solid State Drive, Gray (MU-PC1T0T/AM)	4.8	10,298	149.99
ASUS ZenWiFi AX6600 Tri-Band Mesh WiFi 6 System (XT8 2PK) - Whole Home Coverage up to 5500 sq.ft & 6+ rooms, AiMesh, Included Lifetime Internet Security, Easy Setup, 3 SSID, Parental Control, White		905	449.00
Power Strip , Nuetsa Surge Protector with 12 Outlets and 4 USB Ports, 6 Feet Flat Plug Extension Cord (1875W/15A) for for Home, Office, Dorm Essentials, 2700 Joules, ETL Listed (Black)	4.8	1,353	
Lenovo USA ThinkPad Thunderbolt 3 Dock Gen 2 135W (40AN0135US) Dual UHD 4K Display Capability, 2 HDMI, 2 DP, USB-C, USB 3.1, Black	4.3	1,007	409.99
Canon 2 Pack Ink Package with PG-243 Black, CL-244 Color Ink Cartridge		3,757	51.99
Logitech G PRO X Superlight Wireless Gaming Mouse, Ultra-Lightweight, Hero 25K Sensor, 25,600 DPI, 5 Programmable Buttons, Long Battery Life, Compatible with PC/Mac - White	4.8	1,223	
SmartQ C368 USB 3.0 Multi-Card Reader, Plug N Play, Apple and Windows Compatible, Powered by USB, Supports CF/SD/SDHC/SCXC/MMC/MMC Micro, etc.	4.5	9,332	
HP 564XL | Ink Cartridge | Black | Works with HP DeskJet 3500 Series, HP OfficeJet 4600 5500 C6300 6500 7500 Series, B8550, D7560, C510, B209, B210, C309, C310, C410, C510 | CN684WN		9,953	
Intel Core i5-10600K Desktop Processor 6 Cores up to 4.8 GHz Unlocked  LGA1200 (Intel 400 Series Chipset) 125W	4.8	1,112	214.90
Mac Book Air Charger Replacement AC 45W Power T-tip Shape Connector Power Adapter for 11 inch and 13 inch After Mid 2012	4.6	899	
"Lenovo Tab M10 Plus, 10.3"" FHD Android Tablet, Octa-Core Processor, 32GB Storage, 2GB RAM, Iron Grey, ZA5T0263US"		7,704	149.00
TP-Link USB to Ethernet Adapter, Foldable USB 3.0 to 10/100/1000 Gigabit Ethernet LAN Network Adapter, Support Windows 10/8.1/8/7/Vista/XP for Desktop Laptop Apple MacBook Linux (UE300)	4.6	10,205	12.99
SanDisk 128GB High Endurance Video MicroSDXC Card with Adapter for Dash Cam and Home Monitoring systems - C10, U3, V30, 4K UHD, Micro SD Card - SDSQQNR-128G-GN6IA	4.8	19,666	20.40
Corsair Void RGB Elite Wireless Premium Gaming Headset with 7.1 Surround Sound - Discord Certified - Works with PC, PS5 and PS4 - Carbon (CA-9011201-NA)		7,645	89.99
TP-Link USB WiFi Adapter for PC(TL-WN725N), N150 Wireless Network Adapter for Desktop - Nano Size WiFi Dongle Compatible with Windows 10/7/8/8.1/XP/ Mac OS 10.9-10.15 Linux Kernel 2.6.18-4.4.3	4.5	59,846	
MSI MAG B550 TOMAHAWK Gaming Motherboard (AMD AM4, DDR4, PCIe 4.0, SATA 6Gb/s, M.2, USB 3.2 Gen 2, HDMI/DP, ATX, AMD Ryzen 5000 Series processors)	4.7	2,240	159.99
USB Wall Charger, Surge Protector, 6 Outlet Extender with 2 USB Ports,3-Sided 2100J Power Strip Multi Plug Outlets Wall Adapter Spaced for Home Travel Office (2 USB)		1,502	
Sceptre 35 Inch Curved UltraWide 21: 9 LED Creative Monitor QHD 3440x1440 Frameless AMD Freesync HDMI DisplayPort Up to 100Hz, Machine Black 2020 (C355W-3440UN)	4.5	2,516	402.16
Pwr TV Power Cord 12Ft Cable for Samsung LG TCL Sony: 2 Prong AC Wall Plug 2-Slot LED LCD Insignia Sharp Toshiba JVC Hisense Electronics UN65KS8000FXZA UN40J5200AFXZA 43UH6100 Black	4.8	10,307	
TP-Link AC1200 WiFi Extender (RE300), Covers Up to 1500 Sq.ft and 25 Devices, Up to 1200Mbps, Supports OneMesh, Dual Band Internet Repeater, Range Booster		15,572	29.99
Brother Genuine TN760 2-Pack High Yield Black Toner Cartridge with approximately 3,000 page yield/cartridge		519	
Adjustable Laptop Stand,Suturun Portable Laptop Computer Stand Rriser&Multi-Angle Stand with Heat-Vent to Elevate Laptop Holder for Mac,Notebook,Lenovo More10-17 Laptop	4.5	3,436	
Corsair RM Series, RM850, 850 Watt, 80+ Gold Certified, Fully Modular Power Supply, Microsoft Modern Standby (CP-9020196-NA)		4,174	134.99
"ASUS 15.6"" 1080P Portable Monitor (MB169B+) - Full HD, IPS, Auto-rotatable, Smart Case, Ultra-slim, Lightweight, Sleek, USB 3.0 Powered, For Laptop, PC, Phone, Console"	4.4	3,947	169.00
Samsung PRO Endurance 128GB 100MB/s (U1) MicroSDXC Memory Card with Adapter (MB-MJ128GA/AM)	4.8	12,378	22.99
USB Type-C Cable 5pack 6ft Fast Charging 3A Rapid Charger Quick Cord, Type C to A Cable 6 Foot Compatible Galaxy S10 S9 S8 Plus, Braided Fast Charging Cable for Note 10 9 8, LG V50 V40 G8 G7(Grey)		17,638	
"Acer Aspire C27-962-UA91 AIO Desktop, 27"" Full HD Display, 10th Gen Intel Core i5-1035G1, NVIDIA GeForce MX130, 12GB DDR4, 512GB SSD, 802.11ac Wi-Fi, Wireless Keyboard and Mouse, Windows 10 Home"	4.5	1,805	799.99
SAMSUNG Galaxy Chromebook 4 11.6-inch 64GB eMMC, 4GB RAM, Gigabit Wi-Fi, Chrome OS, HD Intel Celeron Processor N4000	4.5	3,215	199.99
TP-Link AC1200 WiFi Extender (RE315), Covers Up to 1500 Sq.ft and 25 Devices, 1200Mbps Dual Band WiFi Booster with External Antennas, WiFi Repeater, Supports OneMesh		1,843	34.99
Power Strip, AHRISE Extension Cord with 6 AC Outlets and 4 USB Charging Ports(5V/3.4A,17W) for Smartphone Tablets Home, Office, Hotel, Cruise Ship, 5 Feet Long Cord, ETL Listed -Black	4.7	4,695	
WD 2TB My Passport for Mac Portable External Hard Drive HDD, USB-C and USB-A Compatible, Blue - WDBA2D0020BBL-WESN	4.5	3,158	69.99
EPSON T212 Claria Ink High Capacity Black & Standard Color Cartridge Combo Pack (T212XL-BCS) for select Epson Expression and WorkForce Printers	4.7	3,611	
Polono Thermal Label Printer - 4x6 Label Printer, Commercial Direct Thermal Label Maker, Compatible with Amazon, Ebay, Etsy, Shopify and FedEx, One Click Setup on Windows and Mac	4.6	1,333	
HDMI to VGA, Benfei Gold-Plated HDMI to VGA Adapter (Male to Female) Compatible for Computer, Desktop, Laptop, PC, Monitor, Projector, HDTV, Chromebook, Raspberry Pi, Roku, Xbox and More - Black	4.5	26,357	
[Apple MFi Certified] PLmuzsz iPhone Charger Lightning Cable 5pack [3/3/6/6/10FT] Nylon Braided Compatible iPhone 12 Pro Max/Xs/XR/8/7/6s/SE/iPad More	4.5	4,288	
Portable Neck Fan Hand Free Personal Mini Fans USB neck hang fan, 360 Degree Free Rotation personal cooling fan handheld portable fans,Wearable neck fan Suitable for Traveling ,Sports, Office(Black)	4.3	2,658	
USB C Cable, INIU 100W PD 5A QC 4.0 Fast Charging USB C to USB C Cable, (2-Pack 6.6ft+6.6ft) Nylon Braided Type C Data Cable for Samsung S20+ S10 Note 10 iPad Pro MacBook Pro Google Pixel etc	4.7	764	
NZXT H510 - CA-H510B-W1 - Compact ATX Mid-Tower PC Gaming Case - Front I/O USB Type-C Port - Tempered Glass Side Panel - Cable Management System - Water-Cooling Ready - White/Black		23,262	66.99
SPARIN [3 Pack] Screen Protector Compatible with iPad Air 4 / iPad Pro 11 inch, Tempered Glass Compatible with iPad Air 4th Generation 10.9 inch with Alignment Frame		10,291	
TP-Link AC1900 WiFi Extender (RE550), Covers Up to 2800 Sq.ft and 35 Devices, 1900Mbps Dual Band Wireless Repeater, Internet Booster, Gigabit Ethernet Port		139	66.49
Samsung 860 EVO 500GB 2.5 Inch SATA III Internal SSD (MZ-76E500B/AM)		69,309	
Brother HL-L2300D Monochrome Laser Printer with Duplex Printing		7,470	188.00
Logitech G703 Lightspeed Wireless Gaming Mouse W/Hero 25K Sensor, PowerPlay Compatible, Lightsync RGB, Lightweight 95G+10G Optional, 100-25, 600 DPI, Rubber Side Grips - Black		2,917	
SAMSUNG 34-Inch SJ55W Ultrawide Gaming Monitor (LS34J550WQNXZA) – 75Hz Refresh, WQHD Computer Monitor, 3440 x 1440p Resolution, 4ms Response, FreeSync, Split Screen, HDMI, Black	4.5	804	359.99
Canon CL-241 Color Ink Cartridge Compatible to MG2120, MG3120, MG4120, MG2220, MG3220, MG4220, MG3520, MG3620, MX472, MX532, TS5120	4.7	8,013	24.00
Brother Genuine Drum Unit, DR820, Seamless Integration, Yields Up to 30,000 Pages, Black	4.6	894	
iPhone Charger 10 ft,[Apple MFi Certified] Lightning Cable 2 Pack 10 Foot Charger Cord USB Charging & Syncing Extra Long Nylon Braided USB Charging Cord Compatible with iPhone X/Max/11/8/7/6/6S/5S/SE		5,855	
SAMSUNG M5 Series 27-Inch FHD 1080p Smart Monitor & Streaming TV (Tuner-Free), Netflix, HBO, Prime Video, & More, Apple Airplay, Bluetooth, Built-in Speakers, Remote Included (LS27AM500NNXZA)	4.4	898	199.99
NETGEAR Orbi Whole Home Tri-band Mesh WiFi 6 System (RBK852) – Router with 1 Satellite Extender | Coverage up to 5,000 sq. ft. and 100+ Devices | AX6000 (Up to 6Gbps)	4.4	2,232	664.23
SteelSeries Apex Pro TKL Mechanical Gaming Keyboard – World’s Fastest Mechanical Switches – OLED Smart Display – Compact Form Factor – RGB Backlit		10,713	159.99
Dell S2721HS 27 Inch Full HD 1920 x 1080, AMD FreeSync, IPS Ultra-Thin Bezel Monitor, Tilt and Swivel, Silver	4.7	1,594	
XPOWER A-2 Series Multi-Purpose Powered Air Duster Vacuum - Black	4.8	7,764	49.00
iPhone Charger Mfi Certified Lightning Cable 3Pack 10FT Nylon Braided iPhone Charger Cable Fast Charging Syncing Long Cord Compatible iPhone 12/Max/11Pro/11/XS/Max/XR/X/8/8P/7 and More		1,120	
HP 65XL | Ink Cartridge | Tri-color | Works with HP DeskJet 2600 Series, 3700 Series, HP ENVY 5000 Series, HP AMP 100, 120, 125, 130 | N9K03AN	4.8	8,050	
ARRIS SURFboard SBG10 DOCSIS 3.0 Cable Modem & AC1600 Dual Band Wi-Fi Router, Approved for Cox, Spectrum, Xfinity & others (black)	4.4	10,932	111.04
Brother Genuine High Yield Color Ink Cartridge, 3 Pack of LC103 , Replacement Color Ink Three Pack, Includes 1 Cartridge Each of Cyan, Magenta & Yellow, Page Yield Upto 600 Pages/Cartridge, LC103	4.7	4,918	32.99
Epson EcoTank ET-2720 Wireless Color All-in-One Supertank Printer with Scanner and Copier - White	4.5	6,653	
Amazon Basics RJ45 Cat-6 Ethernet Patch Internet Cable - 25 Feet (7.6 Meters)	4.7	78,961	8.92
ASUS TUF Gaming F17 Gaming Laptop, 17.3” 144Hz FHD IPS-Type Display, Intel Core i5-10300H, GeForce GTX 1650 Ti, 8GB DDR4, 512GB PCIe SSD, RGB Keyboard, Windows 10, Bonfire Black, FX706LI-ES53		678	849.99
LaCie Rugged Mini 2TB External Hard Drive Portable HDD - USB 3.0 USB 2.0 Compatible, Drop Shock Dust Rain Resistant Shuttle Drive, For Mac And PC Computer (LAC9000298)	4.7	10,429	89.99
EPSON T212 Claria Ink Standard Capacity Black Cartridge (T212120-S) for select Epson Expression and WorkForce Printers	4.6	6,614	
Tripp Lite TLP1208TELTV 12 Outlet Surge Protector Power Strip, 8ft Cord, Right-Angle Plug, Tel/Modem/Coax Protection, RJ11, & Dollar 150,000 Insurance Black	4.8	1,721	40.51
JIKIOU 3 Pack Mouse Pad with Stitched Edge, Mouse Pad with Non-Slip Rubber Base, Washable Mousepads Bulk with Lycra Cloth, Comfortable Mouse Pads 10.2x8.3x0.12inch Black	4.7	7,092	
"KODAK SCANZA Digital Film & Slide Scanner - Converts 35mm, 126, 110, Super 8 & 8mm Film Negatives & Slides to JPEG - Includes Large Tilt-Up 3.5"" LCD, Easy-Load Film Inserts, Adapters & More"	4.2	7,489	
Gaiatop USB Desk Fan, Small but Powerful, Portable Quiet 3 Speeds Wind Desktop Personal Fan, Dual 360° Adjustment Mini Fan for Better Cooling Home Bedroom Office Car Outdoor(Black Blue)	4.5	1,433	
USB C Hub HDMI Adapter for MacBook Pro 2019/2018/2017, MOKiN 5 in 1 Dongle USB-C to HDMI, Sd/TF Card Reader and 2 Ports USB 3.0 (Space Gray)	4.7	14,998	
HP 61 | 2 Ink Cartridges | Black, Tri-color | CH561WN, CH562WN		1,066	
"Ergonomic Laptop stand for desk, Adjustable height up to 20"", Laptop riser computer stand for laptop, Portable laptop stands, Fits MacBook, Laptops 10 15 17 inches, Laptop holder and Laptop desk stand"	4.8	1,197	
"Sceptre Curved 27"" Gaming Monitor up to 165Hz DisplayPort 144Hz HDMI Edge-Less AMD FreeSync Premium, Build-in Speakers Machine Black 2021 (C275B-1858RN)"	4.7	1,948	239.97
SanDisk 32GB Ultra SDHC UHS-I Memory Card - 120MB/s, C10, U1, Full HD, SD Card - SDSDUN4-032G-GN6IN	4.7	19,787	12.68
USB C to USB C Fast Charging Cable 60W 4-Pack[10ft+6.6ft+3.3ft+1ft], NIMASO USB Type C Charger Cord Compatible with Samsung Galaxy S21/S21+/S20+ Ultra Note 20, Pixel 4/3 XL, MacBook Air iPad Pro 2020	4.7	10,480	
Travel Laptop Backpack,Extra Large Anti Theft College School Backpack for Men and Women with USB Charging Port,Water Resistant Big Business Computer Backpack Bag Fit 17 Inch Laptop and Notebook,Black	4.7	6,432	
Targus Classic Slim Briefcase with Crossbody Shoulder Bag Design for the Business Professional Travel Commuter and Laptop Protection fits up to 16-Inch Laptops, Black (TCT027US)	4.7	3,966	20.00
Speedefy AC2100 Smart WiFi Router - Dual Band Gigabit Wireless Router for Home & Gaming, 4x4 MU-MIMO, 7x6dBi External Antennas for Strong Signal, Parental Control, Support IPv6 (Model K7)	4.3	6,403	
Dell WD19 180W Docking Station (130W Power Delivery) USB-C, HDMI, Dual DisplayPort, Black (KXFHC 0KXFHC 210-ARIQ)	4.7	206	352.99
Lenovo ThinkPad Ultra Docking Station US (40AJ0135US)	4.7	490	
TP-Link AC2600 WiFi Extender(RE650), Up to 2600Mbps, Dual Band WiFi Range Extender, Gigabit port, Internet Booster, Repeater, Access Point,4x4 MU-MIMO	4	7,351	96.06
Noctua NF-P12 redux-1700 PWM, High Performance Cooling Fan, 4-Pin, 1700 RPM (120mm, Grey)	4.8	8,732	
Crucial P2 500GB 3D NAND NVMe PCIe M.2 SSD Up to 2400MB/s - CT500P2SSD8	4.8	9,389	54.99
"Sceptre Curved 27"" 75Hz LED Monitor HDMI VGA Build-In Speakers, EDGE-LESS Metal Black 2019 (C275W-1920RN)"	4.7	9,079	179.68
Brother Printer High Yield Ink Cartridge Page Up To 400 Pages Black (LC3013BK), Standard	4.7	3,276	22.99
Klipsch ProMedia 2.1 THX Certified Computer Speaker System (Black)	4.6	5,122	
TP-Link N300 WiFi Extender(RE105), WiFi Extenders Signal Booster for Home, Single Band WiFi Range Extender, Internet Booster, Supports Access Point, Wall Plug Design, 2.4Ghz only	4	5,454	17.99
Multi Charging Cable USAMS 2Pack 4FT 4 in 1 Nylon Braided Multiple USB Fast Charging Cord Adapter Type C Micro USB Port Connectors Compatible Cell Phones Tablets and More	4.4	4,474	
Logitech MX Anywhere 3 Compact Performance Mouse, Wireless, Comfort, Fast Scrolling, Any Surface, Portable, 4000DPI, Customizable Buttons, USB-C, Bluetooth - Graphite	4.7	2,323	79.99
ASUS AX6000 WiFi 6 Gaming Router (RT-AX88U) - Dual Band Gigabit Wireless Router, 8 GB Ports, Gaming & Streaming, AiMesh Compatible, Included Lifetime Internet Security, Adaptive QoS, MU-MIMO	4.5	2,082	299.99
Soulsens Wireless Headset with Microphone, Computer Headphones with Noise Canceling Mic for Home Office, Comfort-fit Business Headset for PC, Cell Phone, Office, Skype, 22H Talk Time	3.9	657	
Brother Genuine Drum Unit, DR730, Seamless Integration, Yields Up to 12,000 Pages, Black (Drum unit, NOT toner)	4.6	951	
LapGear Home Office Lap Desk with Device Ledge, Mouse Pad, and Phone Holder - White Marble - Fits Up To 15.6 Inch Laptops - style No. 91501	4.8	24,270	29.99
Amazon Basics USB 2.0 Printer Type Cable - A-Male to B-Male - 16 Feet (4.8 Meters)		22,660	6.49
Tissyee MacBook Air Charger, 45W Magnetic Mag2 T-Tip Charger, Universal Charger for Mac Book Air 11-inch 13 inch 2012Late	4.8	320	
Brother Genuine Super High Yield Toner Cartridge, TN880, Replacement Black Toner, Page Yield Up To 12,000 Pages, Amazon Dash Replenishment Cartridge	4.7	802	126.49
StarTech.com SATA to USB Cable - USB 3.0 to 2.5” SATA III Hard Drive Adapter - External Converter for SSD/HDD Data Transfer (USB3S2SAT3CB)	4.6	25,975	11.99
Portable Monitor - KYY 15.6inch 1080P FHD USB-C Laptop Monitor HDMI Computer Display HDR IPS Gaming Monitor w/Premium Smart Cover & Screen Protector, Speakers, for Laptop PC MAC Phone PS4 Xbox Switch	4.7	1,242	
SanDisk 256GB Ultra Fit USB 3.1 Flash Drive - SDCZ430-256G-G46	4.7	75,365	27.99
EPSON T702 DURABrite Ultra Ink Standard Capacity Black & Color Cartridge Combo Pack (T702120-BCS) for select Epson WorkForce Pro Printers	4.7	3,106	
【Apple MFi Certified 6ft 2Pack】 iPhone Charger Cable, Lightning Cable, iPhone Lightning Cable，iPhone Charger Cord for iPhone 11/11Pro/11Max/ X/XS/XR/XS Max/8/7/6/5S/SE/iPad Mini，More(Silver)	4.6	3,511	
USB C to Ethernet Adapter, uni RJ45 to USB C Thunderbolt 3/Type-C Gigabit Ethernet LAN Network Adapter, Compatible for MacBook Pro 2020/2019/2018/2017, MacBook Air, Dell XPS and More - Gray	4.6	4,695	
Brother Genuine TN227, TN227BK, High Yield Toner Cartridge, Replacement Black Toner, Page Yield Up to 3,000 Pages, TN227BK, Amazon Dash Available	4.7	1,591	74.98
Razer Basilisk v2 Wired Gaming Mouse: 20K DPI Optical Sensor, Fastest Gaming Mouse Switch, Chroma RGB Lighting, 11 Programmable Buttons, Classic Black	4.6	13,339	49.99
Microsoft Surface Dock (Pd9-00003),Black	4.6	3,819	319.99
HOLMES Heritage 4-Inch Mini USB Desk Fan, Brushed Copper	4.5	11,767	12.99
ASUS VP279HE 27” Monitor, 1080P Full HD, 75Hz, IPS, Adaptive-Sync/FreeSync, Eye Care, HDMI VGA, Frameless, Low Blue Light, Flicker Free, VESA Wall Mountable	4.7	316	159.00
TP-Link AC1900 Smart WiFi Router (Archer A9) - High Speed MU-MIMO Wireless Router, Dual Band, Gigabit, VPN Server, Beamforming, Smart Connect, Works with Alexa, Black	4.4	7,028	79.99
1080P 60FPS Webcam with Microphone, 2021 NexiGo N980P HD USB Computer Camera, Built-in Dual Noise Reduction Mics, 120 Degrees Wide-Angle for Zoom/Skype/FaceTime/Teams, PC Mac Laptop Desktop	4.4	3,315	
TECKNET Pro 2.4G Ergonomic Wireless Optical Mouse with USB Nano Receiver for Laptop,PC,Computer,Chromebook,Notebook,6 Buttons,24 Months Battery Life, 2600 DPI, 5 Adjustment Levels	4.6	32,854	
Logitech MX Ergo Wireless Trackball Mouse Adjustable Ergonomic Design, Control and Move Text/Images/Files Between 2 Windows and Apple Mac Computers (Bluetooth or USB), Rechargeable, Graphite - Black	4.6	5,453	84.99
Corsair 4000D Airflow Tempered Glass Mid-Tower ATX PC Case - Black	4.8	6,740	94.99
Plustek Photo Scanner - ephoto Z300, Scan 4x6 Photo in 2sec, Auto Crop and Deskew with CCD Sensor. Support Mac and PC	4.6	4,324	
Power Strip with USB - 2 Outlets 3 USB Charging Ports(3.1A, 15W), Desktop Charging Station with 5 ft Braided Extension Cord, Flat Plug Travel Power Strip for Cruise, Home Office, ETL Listed	4.8	5,986	
"AOC I1601FWUX 15.6"" USB-C powered portable monitor, extremely slim, Full HD 1920x1080 IPS, SmartCover, AutoPivot (for devices w/ USB-C DP Alt Mode only)"	3.9	503	115.59
Stylus Pen Compatible with Apple iPad (2018 and Later), Palm Rejection, Tilting Detection, Magnetic Adsorption for iPad Pro (11/12.9 Inch), iPad 6/7/8th Gen, Pad Air 3rd/4th Gen, iPad Mini 5th Gen	4.9	2,304	
HyperX Cloud Stinger – Gaming Headset, Lightweight, Comfortable Memory Foam, Swivel to Mute Noise-Cancellation Microphone, Works on PC, PS4, PS5, Xbox One, Xbox Series X|S, Nintendo Switch and Mobile	4.4	24,128	39.99
Razer Mamba Wireless Gaming Mouse: 16,000 DPI Optical Sensor - Chroma RGB Lighting - 7 Programmable Buttons - Mechanical Switches - Up to 50 Hr Battery Life	4.6	14,163	44.43
Razer Kiyo Streaming Webcam: 1080p 30 FPS / 720p 60 FPS - Ring Light w/ Adjustable Brightness - Built-in Microphone - Advanced Autofocus	4.5	3,883	82.71
SanDisk 512GB Ultra USB 3.0 Flash Drive - SDCZ48-512G-G46	4.7	80,667	48.49
SK hynix Gold P31 PCIe NVMe Gen3 M.2 2280 Internal SSD | 1TB NVMe | Up to 3500MB/S | Compact M.2 SSD Form Factor SK hynix SSD | Internal Solid State Drive with 128-Layer NAND Flash	4.8	3,915	
ASUS ProArt Display PA278QV 27” WQHD (2560 x 1440) Monitor, 100% sRGB/Rec. 709 ΔE < 2, IPS, DisplayPort HDMI DVI-D Mini DP, Calman Verified, Eye Care, Anti-Glare, Tilt Pivot Swivel Height Adjustable	4.7	1,240	299.00
HP 202A | CF501A, CF502A, CF503A | 3 Toner Cartridges | Cyan, Magenta, Yellow | Works with HP LaserJet Pro M254, M281cdw, M281dw, M281fdw	4.8	1,061	
Portable Monitor - Lepow 15.6 Inch Full HD 1080P USB Type-C Computer Display IPS Eye Care Screen with HDMI Type C Speakers for Laptop PC PS4 Xbox Phone Included Smart Cover & Screen Protector Black	4.4	9,080	
MSI Gaming GeForce GTX 1660 Super 192-bit HDMI/DP 6GB GDRR6 HDCP Support DirectX 12 Dual Fan VR Ready OC Graphics Card (GTX 1660 Super Gaming X)	4.8	958	
"SAMSUNG 27"" FHD Flat Monitor with Super-Slim Design - LS27F354FHNXZA, Black"	4.6	1,139	172.64
Surge Protector Wall Mount , Outlet Splitter with Rotating Plug, POWERIVER Power Strip with 6 Outlet Extender (3 Side) and 3 USB Ports, 1680 Joules, for Home/School/Office/Travel, White	4.6	14,593	
DinoFire Presentation Clicker with Red Pointer for Cats, 100FT USB Presentation Remote Control, Volume Control Hyperlink Wireless Presenter Remote, Slide PowerPoint Clicker for Mac/Win/Computer/Laptop	4.6	5,197	
SIN SHINE - Compressed Air 3.0- Multi-Use Electric Air Duster for Cleaning Dust, Hairs, Crumbs, Scraps for Laptop, Computer, Replaces Compressed Air Cans (AD01-Black)	4.6	4,286	
USB Hub 3.0 Splitter,7 Port USB Data Hub with Individual On/Off Switches and Lights for Laptop, PC, Computer, Mobile HDD, Flash Drive and More	4.3	5,320	29.99
ASUS AC2900 WiFi Gaming Router (RT-AC86U) - Dual Band Gigabit Wireless Internet Router, WTFast Game Accelerator, Streaming, AiMesh Compatible, Included Lifetime Internet Security, Adaptive QoS	4.5	4,420	150.73
